,id_client,id_city,gender,date_come
0,35672054,5,M,1/6/2021
1,35671627,7,F,1/10/2021
2,35671761,3,M,3/10/2021
3,35671410,1,M,1/30/2021
4,35671662,1,F,2/11/2021
5,35671210,7,F,1/31/2021
6,35671938,2,F,3/10/2021
7,35671782,1,F,3/10/2021
8,35671450,1,F,1/14/2021
9,35671376,1,F,3/6/2021
10,35671917,6,F,3/2/2021
11,35672646,2,M,2/19/2021
12,35671212,2,F,1/28/2021
13,35672930,1,F,3/10/2021
14,35673027,2,M,3/2/2021
15,35671752,3,F,1/25/2021
16,35671629,1,F,1/6/2021
17,35672854,1,M,3/17/2021
18,35671777,1,M,1/7/2021
19,35672313,6,M,1/8/2021
20,35671899,6,F,3/4/2021
21,35673100,5,F,2/16/2021
22,35672707,3,M,1/17/2021
23,35671039,5,F,1/26/2021
24,35673046,3,M,2/2/2021
25,35673086,4,F,2/10/2021
26,35671839,1,M,3/11/2021
27,35672084,6,M,3/7/2021
28,35672334,1,M,2/28/2021
29,35671229,5,F,1/22/2021
30,35671624,7,M,2/8/2021
31,35672517,4,F,3/11/2021
32,35673026,8,F,3/2/2021
33,35671556,6,M,2/24/2021
34,35671746,2,F,2/15/2021
35,35670989,1,F,2/24/2021
36,35672969,2,M,1/27/2021
37,35671945,7,M,2/19/2021
38,35672784,1,M,1/1/2021
39,35673072,2,M,1/28/2021
40,35672958,7,M,3/1/2021
41,35671505,5,F,2/14/2021
42,35671264,1,M,3/20/2021
43,35671907,1,F,3/4/2021
44,35673043,1,M,1/16/2021
45,35672632,1,M,2/8/2021
46,35672984,1,M,3/5/2021
47,35671083,2,F,3/10/2021
48,35671345,3,M,1/10/2021
49,35673158,6,F,1/21/2021
50,35672227,1,M,1/18/2021
51,35671087,6,F,1/21/2021
52,35672531,2,F,1/28/2021
53,35672244,1,M,3/6/2021
54,35672857,1,M,2/15/2021
55,35671480,2,F,3/15/2021
56,35671136,3,M,1/3/2021
57,35672977,2,M,1/24/2021
58,35671719,4,M,3/11/2021
59,35671969,1,F,3/3/2021
60,35672896,3,M,3/2/2021
61,35671663,1,M,3/11/2021
62,35671371,1,F,3/11/2021
63,35671175,2,M,2/25/2021
64,35671652,4,F,3/4/2021
65,35671070,2,M,3/15/2021
66,35672665,3,M,1/29/2021
67,35672783,4,F,3/12/2021
68,35672006,5,M,3/19/2021
69,35672198,1,F,2/26/2021
70,35672726,2,M,3/15/2021
71,35672714,6,M,2/19/2021
72,35672346,2,M,1/26/2021
73,35671391,2,M,1/6/2021
74,35670933,2,M,2/11/2021
75,35672175,1,F,3/23/2021
76,35670990,2,M,1/13/2021
77,35671960,1,F,3/12/2021
78,35672891,2,F,3/22/2021
79,35672359,8,M,2/1/2021
80,35672492,1,M,1/11/2021
81,35671979,3,F,3/27/2021
82,35671107,2,M,2/20/2021
83,35671797,2,M,1/18/2021
84,35671058,1,M,1/11/2021
85,35671084,1,F,3/20/2021
86,35671525,4,M,1/2/2021
87,35672625,4,F,1/25/2021
88,35671601,7,F,3/8/2021
89,35671880,1,M,3/14/2021
90,35671386,7,M,1/17/2021
91,35672989,2,F,3/30/2021
92,35671773,5,M,1/25/2021
93,35671555,2,F,3/9/2021
94,35672846,6,F,3/4/2021
95,35672729,2,M,3/2/2021
96,35672072,3,M,2/7/2021
97,35672264,2,M,2/10/2021
98,35672583,2,F,3/29/2021
99,35671796,8,M,1/2/2021
100,35671160,5,M,2/16/2021
101,35671535,2,M,2/24/2021
102,35671704,1,M,3/19/2021
103,35672624,2,F,1/12/2021
104,35671846,1,F,3/7/2021
105,35672402,3,M,3/9/2021
106,35671091,7,M,3/4/2021
107,35671421,2,M,1/21/2021
108,35671387,7,M,1/25/2021
109,35672058,2,F,3/15/2021
110,35673045,2,M,2/9/2021
111,35671996,1,F,2/13/2021
112,35672108,2,M,2/7/2021
113,35672315,7,F,3/15/2021
114,35671018,1,F,3/4/2021
115,35671251,5,M,1/5/2021
116,35672693,3,M,1/31/2021
117,35673114,7,F,3/8/2021
118,35671848,1,F,3/15/2021
119,35672032,1,F,1/11/2021
120,35671560,4,F,1/26/2021
121,35671805,1,M,3/19/2021
122,35671124,9,M,1/7/2021
123,35672088,6,M,3/20/2021
124,35671150,6,M,3/7/2021
125,35671841,1,M,2/19/2021
126,35672569,1,M,2/9/2021
127,35672341,2,F,1/12/2021
128,35672513,1,M,2/3/2021
129,35672026,1,M,3/20/2021
130,35672234,2,F,1/31/2021
131,35671197,4,M,3/5/2021
132,35672303,3,M,3/25/2021
133,35672747,2,M,2/11/2021
134,35671554,5,M,2/12/2021
135,35671220,9,F,3/27/2021
136,35672635,2,M,3/23/2021
137,35673138,3,M,3/20/2021
138,35672549,2,F,3/9/2021
139,35672468,2,M,1/31/2021
140,35672123,5,F,3/4/2021
141,35671126,7,F,1/13/2021
142,35671559,8,M,3/22/2021
143,35671493,1,M,2/2/2021
144,35672597,3,M,1/1/2021
145,35671023,2,M,3/11/2021
146,35672722,9,M,2/10/2021
147,35672798,9,M,3/5/2021
148,35672448,4,M,1/10/2021
149,35672371,1,F,3/5/2021
150,35671519,2,M,1/27/2021
151,35672742,3,M,3/18/2021
152,35672164,4,F,3/13/2021
153,35672666,3,F,3/12/2021
154,35672228,1,F,1/24/2021
155,35672015,5,F,2/21/2021
156,35671097,1,F,1/25/2021
157,35671147,5,M,3/29/2021
158,35671167,2,M,1/24/2021
159,35671029,2,M,2/26/2021
160,35671313,7,M,3/30/2021
161,35672529,2,F,1/11/2021
162,35672503,5,F,1/27/2021
163,35671537,1,F,1/24/2021
164,35672384,1,M,1/1/2021
165,35673078,1,F,3/23/2021
166,35672441,2,M,2/2/2021
167,35671595,1,F,2/15/2021
168,35671333,5,M,1/14/2021
169,35673137,1,M,3/24/2021
170,35672976,2,M,3/3/2021
171,35672094,1,F,2/17/2021
172,35671454,1,F,3/2/2021
173,35671380,1,F,1/31/2021
174,35672383,5,M,3/24/2021
175,35671714,2,M,3/11/2021
176,35672654,9,M,1/12/2021
177,35672721,6,M,2/3/2021
178,35671111,1,M,3/9/2021
179,35672028,3,M,3/18/2021
180,35673065,2,F,1/10/2021
181,35672392,1,M,3/2/2021
182,35672124,4,M,2/19/2021
183,35672787,6,F,2/24/2021
184,35671656,3,F,3/4/2021
185,35671739,4,F,1/21/2021
186,35670994,4,F,3/9/2021
187,35672478,1,F,3/21/2021
188,35670950,5,F,3/4/2021
189,35672497,1,F,2/27/2021
190,35673019,5,F,3/19/2021
191,35671934,2,M,3/3/2021
192,35671279,1,F,1/14/2021
193,35672114,1,M,1/11/2021
194,35672261,2,M,3/7/2021
195,35672136,4,M,3/10/2021
196,35672741,2,F,3/2/2021
197,35672170,7,F,2/2/2021
198,35671353,1,F,2/18/2021
199,35672322,2,M,1/15/2021
200,35671873,5,F,3/18/2021
201,35672127,2,F,3/8/2021
202,35671986,3,M,3/1/2021
203,35671316,2,F,2/2/2021
204,35672843,2,F,1/3/2021
205,35670903,4,F,3/25/2021
206,35671732,9,F,3/12/2021
207,35671470,6,F,3/14/2021
208,35672700,3,M,1/16/2021
209,35671071,2,F,1/15/2021
210,35672190,2,M,3/10/2021
211,35671191,9,F,3/7/2021
212,35673122,2,F,3/10/2021
213,35671476,4,M,2/26/2021
214,35672103,5,F,3/10/2021
215,35673052,9,M,2/2/2021
216,35671772,5,M,1/8/2021
217,35671930,3,M,3/24/2021
218,35671414,1,F,3/8/2021
219,35672555,8,M,1/23/2021
220,35671540,8,M,1/14/2021
221,35671346,1,M,1/19/2021
222,35672116,1,M,2/4/2021
223,35672520,1,F,3/29/2021
224,35672890,9,F,3/1/2021
225,35670995,2,F,3/15/2021
226,35671206,6,M,1/25/2021
227,35671054,3,M,3/11/2021
228,35672882,2,F,2/25/2021
229,35671390,7,M,1/16/2021
230,35671234,4,F,1/25/2021
231,35671307,1,M,3/5/2021
232,35671817,1,M,3/8/2021
233,35672610,2,F,1/13/2021
234,35671463,1,F,2/26/2021
235,35672711,6,M,3/6/2021
236,35671389,1,F,1/19/2021
237,35672924,2,M,2/26/2021
238,35672637,3,F,3/12/2021
239,35672746,1,F,3/27/2021
240,35672935,5,M,3/1/2021
241,35672647,3,F,3/15/2021
242,35671171,2,F,2/9/2021
243,35672132,1,F,3/7/2021
244,35672836,3,M,2/13/2021
245,35671456,3,M,1/31/2021
246,35671173,6,M,2/6/2021
247,35672845,1,M,2/16/2021
248,35671027,2,M,3/11/2021
249,35672245,3,F,1/26/2021
250,35671118,5,F,1/11/2021
251,35672602,9,M,2/26/2021
252,35672701,1,M,3/8/2021
253,35671221,2,M,3/7/2021
254,35672106,1,M,2/5/2021
255,35672570,5,M,3/5/2021
256,35671016,6,F,2/19/2021
257,35670927,4,M,1/23/2021
258,35672609,1,F,3/5/2021
259,35673156,1,M,2/27/2021
260,35670930,2,M,1/9/2021
261,35671300,3,M,1/18/2021
262,35672007,6,M,3/27/2021
263,35671021,7,F,3/8/2021
264,35671486,8,M,2/3/2021
265,35671750,3,M,1/7/2021
266,35671106,3,F,3/12/2021
267,35671808,6,F,1/30/2021
268,35671260,3,M,1/13/2021
269,35673162,2,M,3/21/2021
270,35672417,3,M,1/16/2021
271,35671110,6,M,3/4/2021
272,35672774,2,F,2/20/2021
273,35671511,5,F,3/24/2021
274,35671763,1,F,2/17/2021
275,35671303,1,M,2/4/2021
276,35672323,9,F,3/1/2021
277,35671330,1,M,1/28/2021
278,35672047,2,F,3/9/2021
279,35671163,1,F,3/11/2021
280,35671204,3,F,1/2/2021
281,35672622,3,M,3/15/2021
282,35671789,7,F,3/4/2021
283,35671574,2,M,2/17/2021
284,35672814,5,M,3/3/2021
285,35672431,3,F,3/15/2021
286,35670961,9,F,2/9/2021
287,35672944,2,F,1/10/2021
288,35671017,7,M,2/26/2021
289,35672942,2,F,1/25/2021
290,35672830,6,F,2/3/2021
291,35671896,3,F,1/13/2021
292,35672682,1,M,3/9/2021
293,35672871,1,F,3/26/2021
294,35671148,3,M,1/12/2021
295,35671781,4,M,2/12/2021
296,35673141,8,F,1/12/2021
297,35671639,1,F,3/3/2021
298,35670957,1,M,3/8/2021
299,35672918,7,M,3/11/2021
300,35671915,1,M,1/6/2021
301,35671516,1,M,1/15/2021
302,35672327,8,F,1/24/2021
303,35671939,1,M,2/24/2021
304,35673066,3,M,2/3/2021
305,35671143,1,F,3/12/2021
306,35672928,4,M,2/1/2021
307,35671660,7,M,1/13/2021
308,35671249,5,M,3/6/2021
309,35672953,2,M,1/2/2021
310,35671393,5,F,3/24/2021
311,35671329,1,M,3/26/2021
312,35673164,1,M,1/29/2021
313,35671895,2,F,3/12/2021
314,35673102,1,F,1/7/2021
315,35672213,3,M,3/5/2021
316,35672150,8,M,1/18/2021
317,35671089,2,M,2/2/2021
318,35671473,4,F,1/23/2021
319,35672205,2,F,1/28/2021
320,35671451,8,M,1/30/2021
321,35671319,1,F,1/28/2021
322,35671851,4,M,3/9/2021
323,35671335,1,M,2/19/2021
324,35670967,3,M,2/11/2021
325,35672858,9,M,2/4/2021
326,35671006,3,M,1/30/2021
327,35671981,4,M,3/6/2021
328,35671831,1,F,3/14/2021
329,35670960,1,F,3/15/2021
330,35672527,4,M,1/30/2021
331,35671198,1,F,1/2/2021
332,35671086,1,F,1/26/2021
333,35672800,8,M,2/14/2021
334,35671800,1,F,3/6/2021
335,35671689,2,F,1/6/2021
336,35671028,5,F,3/11/2021
337,35672616,1,M,3/11/2021
338,35672120,3,M,3/2/2021
339,35671003,8,M,1/3/2021
340,35672505,7,M,3/6/2021
341,35671998,3,F,3/15/2021
342,35671971,7,F,3/1/2021
343,35672005,2,M,3/14/2021
344,35672140,6,F,3/9/2021
345,35672469,6,M,3/14/2021
346,35672960,6,M,1/8/2021
347,35671225,4,F,3/14/2021
348,35672565,1,F,2/23/2021
349,35671327,8,F,1/18/2021
350,35672350,7,M,1/19/2021
351,35670969,2,F,3/5/2021
352,35670999,1,M,1/6/2021
353,35671403,3,F,3/3/2021
354,35673073,7,M,2/15/2021
355,35671203,1,M,3/13/2021
356,35672982,4,F,2/22/2021
357,35672077,2,M,3/26/2021
358,35672018,1,F,1/9/2021
359,35671717,3,M,3/7/2021
360,35672444,3,F,2/13/2021
361,35671754,4,F,1/31/2021
362,35671293,3,M,2/9/2021
363,35671569,6,M,1/12/2021
364,35671263,2,M,1/8/2021
365,35671418,1,F,2/1/2021
366,35672889,1,M,1/13/2021
367,35672162,3,M,1/5/2021
368,35671692,2,M,3/11/2021
369,35671909,3,M,1/11/2021
370,35671292,1,F,1/4/2021
371,35672678,5,M,3/13/2021
372,35672727,8,M,3/26/2021
373,35671246,1,F,2/10/2021
374,35671217,2,F,3/14/2021
375,35671015,6,M,3/5/2021
376,35671209,1,M,3/13/2021
377,35671634,2,F,2/22/2021
378,35670923,7,F,3/30/2021
379,35672794,5,F,2/3/2021
380,35672163,1,M,1/1/2021
381,35672299,3,F,2/15/2021
382,35672793,1,M,3/15/2021
383,35672690,8,M,3/22/2021
384,35672737,1,M,3/4/2021
385,35673051,9,M,2/16/2021
386,35672557,6,F,3/19/2021
387,35672480,1,M,3/13/2021
388,35671596,9,M,3/12/2021
389,35671536,4,M,1/22/2021
390,35672604,3,M,3/8/2021
391,35671164,1,F,2/26/2021
392,35673097,6,M,3/28/2021
393,35672068,5,F,3/14/2021
394,35671201,9,M,2/2/2021
395,35672829,2,F,1/7/2021
396,35671759,2,M,3/3/2021
397,35672785,1,M,3/15/2021
398,35672751,2,M,2/4/2021
399,35672017,3,M,1/24/2021
400,35671366,7,M,1/28/2021
401,35672224,1,M,3/17/2021
402,35671490,9,M,3/8/2021
403,35672559,5,M,1/26/2021
404,35672957,1,M,3/10/2021
405,35671571,2,F,1/22/2021
406,35673060,1,F,3/4/2021
407,35671308,1,M,1/12/2021
408,35671077,2,M,1/15/2021
409,35671815,2,F,2/5/2021
410,35671551,4,M,3/20/2021
411,35671242,5,F,3/8/2021
412,35672291,1,F,3/12/2021
413,35672967,9,F,3/14/2021
414,35672430,2,M,1/28/2021
415,35672064,2,M,2/11/2021
416,35672956,2,M,1/21/2021
417,35671453,1,M,3/13/2021
418,35671988,7,F,3/28/2021
419,35670942,8,M,3/11/2021
420,35672712,2,M,2/2/2021
421,35671643,1,F,1/8/2021
422,35673113,1,M,1/14/2021
423,35673091,3,M,3/19/2021
424,35672318,8,F,3/10/2021
425,35671460,1,F,3/7/2021
426,35671484,1,F,3/18/2021
427,35671703,2,M,1/2/2021
428,35671408,1,F,2/2/2021
429,35672382,6,M,1/21/2021
430,35671687,2,F,1/6/2021
431,35671270,2,M,1/11/2021
432,35672044,9,M,2/28/2021
433,35670910,1,F,2/11/2021
434,35671926,1,M,3/15/2021
435,35672485,1,F,3/7/2021
436,35672694,9,M,1/12/2021
437,35672309,3,F,3/18/2021
438,35671933,2,F,2/4/2021
439,35672375,5,M,3/29/2021
440,35672426,7,M,3/9/2021
441,35671585,1,F,3/1/2021
442,35672186,3,M,3/28/2021
443,35671743,2,M,3/14/2021
444,35671814,2,M,3/10/2021
445,35672009,4,M,1/4/2021
446,35671122,8,M,1/26/2021
447,35672107,5,F,3/1/2021
448,35672915,1,F,1/23/2021
449,35671434,1,M,1/15/2021
450,35672126,5,M,3/11/2021
451,35671094,1,M,1/22/2021
452,35671774,1,F,2/24/2021
453,35672639,6,F,2/27/2021
454,35670908,1,M,3/14/2021
455,35672713,3,F,2/3/2021
456,35671037,2,M,2/10/2021
457,35672236,5,M,2/4/2021
458,35671916,1,M,2/27/2021
459,35671572,9,F,3/7/2021
460,35671622,1,F,1/26/2021
461,35671648,9,M,3/16/2021
462,35671357,3,F,1/20/2021
463,35671196,3,M,1/5/2021
464,35671129,1,F,3/3/2021
465,35670938,7,F,3/4/2021
466,35671000,5,M,2/6/2021
467,35672834,1,M,3/23/2021
468,35671941,7,M,1/7/2021
469,35672560,6,M,2/8/2021
470,35672766,2,F,2/23/2021
471,35672474,9,F,2/9/2021
472,35672699,6,F,3/9/2021
473,35672364,8,M,2/27/2021
474,35671302,3,M,3/6/2021
475,35672373,2,M,2/26/2021
476,35671659,9,F,3/10/2021
477,35672312,9,M,3/10/2021
478,35672269,1,F,3/2/2021
479,35672731,8,M,3/13/2021
480,35672706,9,M,1/30/2021
481,35671545,9,F,3/15/2021
482,35672826,3,M,3/2/2021
483,35670926,3,F,3/9/2021
484,35671582,9,F,2/14/2021
485,35672306,2,F,3/27/2021
486,35672728,7,F,2/7/2021
487,35671792,4,M,2/15/2021
488,35671474,2,F,3/25/2021
489,35673011,7,F,2/26/2021
490,35671553,2,F,3/11/2021
491,35672907,2,M,3/20/2021
492,35672076,8,M,3/5/2021
493,35671855,2,F,1/19/2021
494,35671908,1,M,2/11/2021
495,35673126,5,M,2/23/2021
496,35672274,7,F,1/22/2021
497,35671245,7,M,3/18/2021
498,35671640,2,M,3/5/2021
499,35673107,6,M,2/27/2021
500,35670934,2,M,3/20/2021
501,35672331,7,M,3/12/2021
502,35671676,9,M,2/13/2021
503,35672734,3,M,1/30/2021
504,35672449,1,M,1/15/2021
505,35671745,1,F,3/12/2021
506,35671769,1,M,1/18/2021
507,35672872,1,M,2/2/2021
508,35672372,3,M,3/12/2021
509,35672451,1,F,3/24/2021
510,35671858,3,M,3/4/2021
511,35673084,2,F,3/14/2021
512,35672301,1,M,1/29/2021
513,35672031,1,M,3/30/2021
514,35672061,8,M,2/24/2021
515,35670975,9,M,1/30/2021
516,35671075,3,M,2/28/2021
517,35672753,7,M,3/29/2021
518,35672659,2,F,3/14/2021
519,35672971,1,F,3/8/2021
520,35672991,2,F,2/8/2021
521,35671443,3,F,1/26/2021
522,35671645,2,F,3/28/2021
523,35672230,1,M,1/17/2021
524,35670996,4,M,2/5/2021
525,35673039,2,M,1/28/2021
526,35671940,1,M,3/15/2021
527,35672744,4,M,2/19/2021
528,35671539,9,M,3/13/2021
529,35671811,1,M,2/17/2021
530,35672152,1,M,3/3/2021
531,35673044,6,M,2/12/2021
532,35670922,4,M,3/15/2021
533,35671780,2,M,3/12/2021
534,35672552,9,F,3/26/2021
535,35671291,2,F,3/11/2021
536,35671890,1,M,3/13/2021
537,35672454,1,F,1/8/2021
538,35672401,1,M,3/1/2021
539,35670899,8,F,3/10/2021
540,35672905,3,M,1/29/2021
541,35671697,5,M,3/13/2021
542,35673017,4,M,1/30/2021
543,35671713,4,F,2/5/2021
544,35672118,5,M,1/26/2021
545,35671435,2,M,1/31/2021
546,35671790,2,M,3/12/2021
547,35671637,4,F,2/22/2021
548,35670928,3,M,3/5/2021
549,35672117,6,M,3/1/2021
550,35671999,3,F,1/27/2021
551,35673136,2,F,3/6/2021
552,35670931,7,M,3/24/2021
553,35672250,3,M,2/2/2021
554,35672356,9,F,2/2/2021
555,35671427,8,F,3/20/2021
556,35672071,2,M,3/14/2021
557,35672080,1,F,1/14/2021
558,35672773,2,M,3/11/2021
559,35671568,2,F,1/1/2021
560,35671269,1,F,3/6/2021
561,35671680,8,F,3/5/2021
562,35671283,6,M,3/11/2021
563,35672996,1,F,3/30/2021
564,35671881,3,M,1/8/2021
565,35670959,4,F,1/9/2021
566,35672530,6,F,3/3/2021
567,35673081,5,F,1/29/2021
568,35672886,2,M,1/5/2021
569,35671712,5,F,1/23/2021
570,35672191,7,M,3/1/2021
571,35672427,2,F,3/6/2021
572,35672358,2,M,1/21/2021
573,35671546,6,M,3/18/2021
574,35671392,5,M,2/25/2021
575,35672014,2,M,3/20/2021
576,35671766,2,F,3/6/2021
577,35672434,1,F,1/3/2021
578,35672251,4,M,3/24/2021
579,35671354,1,F,2/23/2021
580,35672698,4,M,2/3/2021
581,35671256,2,F,2/11/2021
582,35672781,1,F,1/13/2021
583,35671446,1,F,3/2/2021
584,35672600,1,F,3/14/2021
585,35671321,8,F,2/8/2021
586,35672554,5,F,1/6/2021
587,35672277,4,M,2/9/2021
588,35672686,1,F,2/1/2021
589,35671312,3,M,2/15/2021
590,35672091,5,F,2/8/2021
591,35672398,2,M,3/2/2021
592,35672934,7,F,3/1/2021
593,35671963,1,F,3/2/2021
594,35671014,4,M,1/2/2021
595,35672887,6,M,2/26/2021
596,35671432,7,F,2/21/2021
597,35671295,7,F,2/15/2021
598,35671958,2,M,3/15/2021
599,35671502,3,M,3/25/2021
600,35671604,1,F,3/12/2021
601,35673115,9,M,2/7/2021
602,35671128,6,F,1/8/2021
603,35671012,3,F,1/13/2021
604,35673030,7,M,3/4/2021
605,35673098,2,F,3/11/2021
606,35672046,9,M,3/7/2021
607,35671974,1,M,2/19/2021
608,35672685,1,F,3/30/2021
609,35671864,2,F,2/17/2021
610,35671211,1,M,1/23/2021
611,35672752,1,F,2/3/2021
612,35672663,6,M,3/13/2021
613,35672758,1,F,1/19/2021
614,35672888,5,M,1/11/2021
615,35671019,5,M,2/14/2021
616,35671331,1,F,2/24/2021
617,35671423,8,M,1/17/2021
618,35672983,1,F,3/1/2021
619,35671281,3,F,2/11/2021
620,35671925,5,M,2/3/2021
621,35671699,4,F,3/22/2021
622,35673032,2,M,1/11/2021
623,35671579,1,M,3/4/2021
624,35673059,1,M,2/27/2021
625,35671066,1,F,1/8/2021
626,35671688,6,M,3/15/2021
627,35672253,3,M,1/1/2021
628,35673112,7,M,1/21/2021
629,35671367,7,F,1/26/2021
630,35673149,4,M,3/19/2021
631,35673077,2,F,3/14/2021
632,35672619,1,F,3/5/2021
633,35672122,1,F,1/29/2021
634,35672335,3,F,1/7/2021
635,35671185,7,M,2/12/2021
636,35672351,1,F,1/6/2021
637,35671828,2,M,1/23/2021
638,35672833,4,M,1/22/2021
639,35672581,3,F,3/11/2021
640,35673013,1,F,1/11/2021
641,35673118,6,F,2/15/2021
642,35672526,1,M,3/3/2021
643,35671088,3,M,1/6/2021
644,35671955,1,F,1/15/2021
645,35671747,1,F,1/6/2021
646,35672574,2,M,1/26/2021
647,35673038,1,F,2/8/2021
648,35672321,6,F,3/9/2021
649,35671674,4,F,3/18/2021
650,35672487,6,F,3/2/2021
651,35673151,7,M,2/9/2021
652,35672074,7,F,1/22/2021
653,35671149,8,F,2/13/2021
654,35672440,2,M,3/14/2021
655,35671236,2,F,2/24/2021
656,35672739,9,M,3/3/2021
657,35672097,5,F,1/24/2021
658,35670977,4,M,1/13/2021
659,35671401,2,M,2/1/2021
660,35672411,2,M,1/6/2021
661,35672219,1,F,2/9/2021
662,35673130,4,F,2/22/2021
663,35671857,4,M,3/12/2021
664,35672892,1,M,3/17/2021
665,35671887,3,M,3/6/2021
666,35671424,2,F,1/23/2021
667,35672638,9,M,1/26/2021
668,35671706,5,M,2/22/2021
669,35671360,1,M,3/15/2021
670,35670932,2,M,3/19/2021
671,35671063,4,F,3/5/2021
672,35671230,8,M,1/16/2021
673,35671343,1,F,3/9/2021
674,35672141,2,F,3/9/2021
675,35672959,5,M,3/7/2021
676,35672735,1,M,3/6/2021
677,35672272,1,M,1/22/2021
678,35671338,2,F,1/31/2021
679,35671092,2,M,1/18/2021
680,35672317,1,F,3/21/2021
681,35672121,1,F,1/7/2021
682,35671912,1,M,2/14/2021
683,35672256,2,M,1/2/2021
684,35672008,2,M,3/8/2021
685,35672965,5,M,2/17/2021
686,35671867,2,M,2/2/2021
687,35671259,6,F,1/19/2021
688,35671904,8,M,3/13/2021
689,35672171,3,M,3/7/2021
690,35671913,7,M,3/12/2021
691,35673094,2,F,3/24/2021
692,35671918,3,M,3/9/2021
693,35671429,1,F,3/18/2021
694,35671856,5,M,3/6/2021
695,35672423,6,F,2/18/2021
696,35671026,2,M,1/16/2021
697,35672133,6,F,1/12/2021
698,35672932,9,F,2/1/2021
699,35671860,1,M,1/21/2021
700,35671725,7,M,2/21/2021
701,35672799,7,M,3/7/2021
702,35672687,2,M,3/15/2021
703,35672246,6,M,3/15/2021
704,35671849,2,M,3/23/2021
705,35672355,1,M,1/8/2021
706,35670997,3,M,3/5/2021
707,35671449,2,F,1/10/2021
708,35672705,2,M,2/3/2021
709,35671785,1,M,1/23/2021
710,35671361,1,M,1/24/2021
711,35671137,1,F,1/12/2021
712,35672837,2,F,2/7/2021
713,35672866,2,M,3/30/2021
714,35672831,5,M,3/2/2021
715,35672594,3,M,2/14/2021
716,35670941,2,M,3/18/2021
717,35672775,1,M,3/19/2021
718,35673143,2,F,1/19/2021
719,35671755,2,M,3/14/2021
720,35671422,2,F,2/13/2021
721,35671636,8,F,3/10/2021
722,35672805,1,M,2/6/2021
723,35671489,2,M,2/4/2021
724,35671090,1,M,3/9/2021
725,35670918,6,F,3/7/2021
726,35673054,3,M,3/4/2021
727,35672680,3,M,1/3/2021
728,35671065,2,M,3/7/2021
729,35671254,6,F,3/3/2021
730,35672912,3,F,3/10/2021
731,35671845,1,M,3/23/2021
732,35671105,8,M,2/27/2021
733,35672947,1,M,1/10/2021
734,35671892,2,F,2/20/2021
735,35672921,4,M,3/11/2021
736,35671475,1,M,1/4/2021
737,35672418,2,M,3/27/2021
738,35672400,4,F,1/31/2021
739,35673023,2,M,3/22/2021
740,35672279,1,M,2/18/2021
741,35672558,4,F,2/18/2021
742,35671101,5,M,1/22/2021
743,35671593,1,F,3/2/2021
744,35671497,4,M,1/18/2021
745,35672025,1,M,3/28/2021
746,35672617,5,F,2/27/2021
747,35671280,1,F,3/5/2021
748,35671735,4,F,3/11/2021
749,35672374,2,M,2/1/2021
750,35670946,2,M,3/12/2021
751,35671950,1,F,3/9/2021
752,35671430,1,F,2/16/2021
753,35671931,5,M,3/22/2021
754,35673082,8,M,3/22/2021
755,35672634,2,F,1/30/2021
756,35671372,2,F,3/8/2021
757,35672363,3,F,3/3/2021
758,35671665,5,M,2/13/2021
759,35671277,1,F,1/23/2021
760,35672056,2,M,3/3/2021
761,35671342,1,M,3/4/2021
762,35670940,6,M,3/10/2021
763,35672592,3,F,1/14/2021
764,35671031,5,M,1/22/2021
765,35672691,2,M,2/9/2021
766,35673135,1,M,1/5/2021
767,35671989,4,M,3/15/2021
768,35673160,1,M,2/6/2021
769,35672591,3,M,2/2/2021
770,35672832,2,M,2/9/2021
771,35672143,6,F,2/17/2021
772,35672059,1,M,1/24/2021
773,35672972,1,M,2/23/2021
774,35672696,1,M,3/10/2021
775,35672472,3,M,3/10/2021
776,35673076,2,M,2/17/2021
777,35671363,1,M,1/24/2021
778,35672201,5,M,3/12/2021
779,35670929,1,F,3/15/2021
780,35670900,5,M,2/6/2021
781,35671102,2,F,3/10/2021
782,35671478,2,M,3/10/2021
783,35671135,8,F,3/9/2021
784,35672868,1,M,2/24/2021
785,35671445,2,M,3/1/2021
786,35671347,7,F,3/8/2021
787,35670948,5,M,1/8/2021
788,35671038,1,F,2/23/2021
789,35673110,3,F,1/13/2021
790,35671786,1,F,1/12/2021
791,35670904,9,F,1/17/2021
792,35672475,4,F,3/25/2021
793,35672243,4,M,2/1/2021
794,35673034,3,F,3/29/2021
795,35672993,1,M,3/3/2021
796,35672518,1,F,2/14/2021
797,35671334,6,M,3/22/2021
798,35671695,2,M,3/5/2021
799,35671310,4,M,3/6/2021
800,35672961,1,F,3/15/2021
801,35671218,6,F,1/8/2021
802,35672601,1,M,3/13/2021
803,35671533,1,M,3/10/2021
804,35671127,3,F,3/25/2021
805,35672222,1,F,2/4/2021
806,35673000,3,F,1/12/2021
807,35671033,2,M,3/11/2021
808,35672226,5,F,1/27/2021
809,35670966,2,M,1/1/2021
810,35671152,8,M,1/2/2021
811,35673139,8,F,3/3/2021
812,35671672,3,F,2/16/2021
813,35671273,3,M,3/19/2021
814,35671314,8,F,2/9/2021
815,35671139,3,M,1/11/2021
816,35673061,4,M,3/5/2021
817,35671415,1,F,3/1/2021
818,35672212,2,F,3/26/2021
819,35671036,9,F,3/23/2021
820,35671666,2,F,3/12/2021
821,35672588,4,M,1/4/2021
822,35671827,7,M,2/28/2021
823,35671987,8,M,1/27/2021
824,35672847,6,M,3/14/2021
825,35672347,4,M,3/2/2021
826,35671081,1,M,3/12/2021
827,35672630,1,F,3/6/2021
828,35672509,2,M,1/3/2021
829,35671227,3,M,3/6/2021
830,35671935,1,M,3/3/2021
831,35671131,8,F,1/31/2021
832,35672716,1,M,1/9/2021
833,35671022,5,M,3/5/2021
834,35671548,1,F,3/9/2021
835,35671244,3,F,1/4/2021
836,35672115,1,F,2/5/2021
837,35672796,3,F,2/20/2021
838,35672532,2,M,3/3/2021
839,35672385,6,F,3/4/2021
840,35672060,6,F,3/10/2021
841,35672954,6,M,2/27/2021
842,35671748,1,M,1/1/2021
843,35672761,8,M,3/11/2021
844,35672903,5,M,1/19/2021
845,35671893,2,M,1/18/2021
846,35672865,7,F,1/13/2021
847,35672252,2,F,2/23/2021
848,35671694,1,F,2/13/2021
849,35671953,3,F,2/12/2021
850,35672536,9,M,3/14/2021
851,35671799,7,M,3/22/2021
852,35672811,1,M,3/10/2021
853,35671228,1,M,2/13/2021
854,35671842,4,M,2/10/2021
855,35672332,7,M,3/30/2021
856,35672668,2,M,3/8/2021
857,35672528,6,F,3/15/2021
858,35672292,1,M,3/30/2021
859,35671337,4,M,3/4/2021
860,35671368,8,M,3/4/2021
861,35671834,1,M,3/8/2021
862,35672791,4,F,3/13/2021
863,35671591,4,M,1/10/2021
864,35671388,3,M,3/2/2021
865,35671607,7,F,3/13/2021
866,35672859,1,M,3/2/2021
867,35672161,2,F,1/7/2021
868,35671749,8,M,1/25/2021
869,35672183,1,F,3/7/2021
870,35671544,8,M,3/22/2021
871,35671631,2,F,2/3/2021
872,35671726,2,M,3/22/2021
873,35671730,8,M,1/3/2021
874,35671744,1,M,3/6/2021
875,35671113,3,M,1/15/2021
876,35672225,3,F,3/25/2021
877,35672471,6,M,3/14/2021
878,35672185,5,M,2/21/2021
879,35671967,1,M,3/8/2021
880,35672561,8,F,3/7/2021
881,35671812,8,M,3/13/2021
882,35672548,1,M,2/6/2021
883,35672893,4,F,3/19/2021
884,35672550,1,M,3/30/2021
885,35672598,1,F,3/5/2021
886,35671983,6,M,2/8/2021
887,35673067,5,M,3/10/2021
888,35672438,1,F,3/6/2021
889,35672608,4,F,3/6/2021
890,35671351,4,M,1/10/2021
891,35671413,1,F,3/6/2021
892,35672899,5,M,3/15/2021
893,35672816,2,F,3/2/2021
894,35671395,1,M,3/7/2021
895,35671340,5,M,3/26/2021
896,35671911,3,M,3/15/2021
897,35672917,4,M,1/27/2021
898,35672801,6,M,2/18/2021
899,35672229,2,M,2/22/2021
900,35673152,1,F,2/24/2021
901,35672208,3,M,3/13/2021
902,35672725,2,M,1/5/2021
903,35671613,8,F,1/25/2021
904,35672572,1,M,2/15/2021
905,35672442,7,M,1/28/2021
906,35672980,5,M,2/1/2021
907,35671651,1,F,3/6/2021
908,35672788,6,F,3/11/2021
909,35671819,1,M,3/25/2021
910,35672920,5,F,1/25/2021
911,35671243,4,M,3/11/2021
912,35672579,1,F,3/4/2021
913,35671906,1,M,2/23/2021
914,35671215,7,M,1/9/2021
915,35672848,1,F,3/9/2021
916,35672083,1,M,3/4/2021
917,35671439,9,M,2/22/2021
918,35671878,1,F,1/14/2021
919,35671076,2,M,3/11/2021
920,35673105,9,F,3/11/2021
921,35671304,2,F,1/8/2021
922,35672973,1,F,3/17/2021
923,35672658,7,F,2/20/2021
924,35672881,2,F,3/6/2021
925,35671903,2,M,1/24/2021
926,35672490,6,M,3/4/2021
927,35671943,5,M,2/25/2021
928,35671181,1,F,3/26/2021
929,35672235,9,M,3/10/2021
930,35670944,9,F,3/13/2021
931,35671157,5,M,3/29/2021
932,35671802,1,F,3/9/2021
933,35670954,2,M,1/10/2021
934,35671679,7,M,3/23/2021
935,35671339,8,M,2/12/2021
936,35671381,8,M,2/8/2021
937,35672736,1,M,3/1/2021
938,35673015,2,M,2/7/2021
939,35672218,5,F,1/13/2021
940,35671670,4,F,3/9/2021
941,35671057,2,M,3/6/2021
942,35671997,2,F,2/27/2021
943,35672038,5,F,1/2/2021
944,35671854,2,M,2/8/2021
945,35672151,1,F,3/5/2021
946,35672093,9,F,3/2/2021
947,35671323,2,M,2/18/2021
948,35672779,3,F,2/27/2021
949,35672437,1,F,2/21/2021
950,35671289,7,M,3/23/2021
951,35672525,4,M,3/14/2021
952,35672599,1,F,2/22/2021
953,35671002,5,F,3/4/2021
954,35672827,1,M,3/20/2021
955,35671673,1,F,1/21/2021
956,35672211,8,M,3/13/2021
957,35671575,9,M,3/8/2021
958,35672962,2,M,1/31/2021
959,35672456,8,F,3/5/2021
960,35672523,1,M,2/8/2021
961,35671050,4,M,3/7/2021
962,35672717,2,M,3/15/2021
963,35672936,2,M,3/4/2021
964,35671671,2,F,3/9/2021
965,35670912,7,M,3/18/2021
966,35671045,3,M,1/4/2021
967,35671125,1,M,3/15/2021
968,35671565,5,F,3/28/2021
969,35671120,2,F,3/26/2021
970,35672273,3,M,2/3/2021
971,35672176,1,F,2/13/2021
972,35672352,1,M,3/16/2021
973,35671863,8,M,3/14/2021
974,35671599,1,F,3/2/2021
975,35671459,6,M,2/10/2021
976,35671840,6,M,3/10/2021
977,35672180,1,M,3/28/2021
978,35672512,2,F,2/7/2021
979,35671466,1,M,1/9/2021
980,35672670,6,M,3/4/2021
981,35671011,6,F,1/9/2021
982,35671767,4,M,2/14/2021
983,35671646,5,M,1/1/2021
984,35673004,1,M,3/14/2021
985,35671526,3,M,2/19/2021
986,35671959,6,M,3/25/2021
987,35671949,7,F,3/1/2021
988,35672428,1,M,2/6/2021
989,35672200,7,F,1/15/2021
990,35673018,8,M,3/24/2021
991,35671587,1,M,3/11/2021
992,35673056,5,M,2/17/2021
993,35672360,4,M,3/15/2021
994,35672266,4,M,1/19/2021
995,35672041,4,M,3/4/2021
996,35672681,8,F,2/7/2021
997,35671487,4,M,2/24/2021
998,35672173,8,F,1/15/2021
999,35671597,1,M,2/25/2021
1000,35673127,5,M,3/6/2021
1001,35671512,1,F,1/6/2021
1002,35672880,1,M,3/4/2021
1003,35670982,1,M,1/23/2021
1004,35672210,1,F,2/23/2021
1005,35670945,6,M,2/14/2021
1006,35670964,2,F,2/21/2021
1007,35671700,2,M,1/26/2021
1008,35672535,1,F,1/20/2021
1009,35671440,2,M,1/1/2021
1010,35672556,1,M,1/9/2021
1011,35672134,4,F,2/20/2021
1012,35671701,6,M,3/1/2021
1013,35672661,2,F,1/5/2021
1014,35671973,1,F,2/13/2021
1015,35672540,6,F,1/20/2021
1016,35672539,1,M,1/10/2021
1017,35671455,3,F,1/20/2021
1018,35672615,8,M,1/20/2021
1019,35671578,1,M,1/31/2021
1020,35672090,8,F,3/11/2021
1021,35671825,4,F,2/13/2021
1022,35672852,9,M,3/6/2021
1023,35672586,6,F,1/23/2021
1024,35673028,1,M,2/12/2021
1025,35671100,7,M,3/4/2021
1026,35673099,4,F,3/10/2021
1027,35671970,1,F,3/23/2021
1028,35671734,4,M,2/4/2021
1029,35673068,1,M,3/7/2021
1030,35672050,7,M,2/5/2021
1031,35671444,7,F,3/27/2021
1032,35671874,1,M,1/4/2021
1033,35672939,7,M,1/4/2021
1034,35671685,1,F,1/31/2021
1035,35671563,1,M,2/7/2021
1036,35671836,7,F,3/4/2021
1037,35671778,1,F,3/10/2021
1038,35672672,1,M,2/19/2021
1039,35672138,8,F,1/3/2021
1040,35670936,4,F,3/22/2021
1041,35672502,1,F,2/26/2021
1042,35672564,2,M,2/15/2021
1043,35671138,3,M,1/22/2021
1044,35671166,3,M,1/12/2021
1045,35671457,4,M,2/26/2021
1046,35671521,1,F,3/9/2021
1047,35672419,1,M,3/28/2021
1048,35672925,7,F,1/16/2021
1049,35672895,7,M,1/8/2021
1050,35672817,5,M,3/10/2021
1051,35671547,9,M,1/6/2021
1052,35671932,9,M,3/24/2021
1053,35671990,2,F,2/6/2021
1054,35671804,3,M,1/20/2021
1055,35672855,3,F,3/17/2021
1056,35672242,4,F,1/2/2021
1057,35673146,6,M,1/2/2021
1058,35671942,9,F,1/20/2021
1059,35671870,6,M,3/10/2021
1060,35672105,1,M,2/12/2021
1061,35672577,1,M,1/9/2021
1062,35672650,6,F,3/20/2021
1063,35672326,1,F,3/25/2021
1064,35672187,2,M,3/20/2021
1065,35672789,5,F,3/12/2021
1066,35671813,3,F,3/5/2021
1067,35671231,2,F,3/12/2021
1068,35672718,4,M,1/20/2021
1069,35671004,3,F,2/16/2021
1070,35671332,4,M,1/27/2021
1071,35672902,1,M,2/23/2021
1072,35670972,1,F,2/10/2021
1073,35671043,1,F,1/22/2021
1074,35672626,8,M,1/15/2021
1075,35672571,5,F,3/3/2021
1076,35671567,2,F,3/6/2021
1077,35672020,2,M,2/27/2021
1078,35672408,2,F,1/26/2021
1079,35673037,1,F,2/11/2021
1080,35671438,6,F,2/20/2021
1081,35672508,6,F,3/27/2021
1082,35671252,9,F,3/11/2021
1083,35672131,4,F,2/5/2021
1084,35672406,8,M,3/10/2021
1085,35672901,7,F,2/26/2021
1086,35673109,2,M,2/27/2021
1087,35672476,5,M,3/12/2021
1088,35670916,5,M,3/11/2021
1089,35671186,1,F,3/7/2021
1090,35671235,1,F,1/27/2021
1091,35671600,1,M,1/11/2021
1092,35672421,1,F,2/19/2021
1093,35672786,2,M,3/15/2021
1094,35671431,2,M,3/7/2021
1095,35671869,4,F,2/23/2021
1096,35673088,1,F,1/27/2021
1097,35672970,6,M,3/7/2021
1098,35672271,8,F,3/12/2021
1099,35671838,6,M,1/27/2021
1100,35671630,3,F,3/30/2021
1101,35671852,2,F,2/1/2021
1102,35671534,9,M,1/20/2021
1103,35670911,2,F,2/9/2021
1104,35671830,1,F,3/26/2021
1105,35672879,1,M,3/10/2021
1106,35671275,1,M,2/14/2021
1107,35671829,5,M,1/1/2021
1108,35671239,2,M,3/4/2021
1109,35672013,9,F,2/23/2021
1110,35672510,2,M,3/14/2021
1111,35671992,1,F,3/2/2021
1112,35672595,2,F,3/14/2021
1113,35671509,5,M,3/5/2021
1114,35672623,2,M,3/11/2021
1115,35671377,1,M,1/7/2021
1116,35671154,4,M,3/26/2021
1117,35670892,1,M,3/12/2021
1118,35671080,2,M,3/12/2021
1119,35671093,1,F,3/13/2021
1120,35673125,9,M,3/7/2021
1121,35671584,5,M,2/27/2021
1122,35671995,5,M,2/21/2021
1123,35670898,8,M,3/10/2021
1124,35671311,9,F,3/13/2021
1125,35670906,1,M,3/23/2021
1126,35672908,5,F,1/14/2021
1127,35672943,2,M,1/28/2021
1128,35672648,6,F,1/5/2021
1129,35673041,1,F,3/24/2021
1130,35673123,3,F,2/18/2021
1131,35671047,6,M,1/28/2021
1132,35672697,2,M,1/15/2021
1133,35671255,2,M,3/4/2021
1134,35670913,2,M,2/18/2021
1135,35673057,1,F,3/29/2021
1136,35673093,2,M,1/17/2021
1137,35671859,7,M,3/2/2021
1138,35671661,7,F,3/6/2021
1139,35671609,7,F,1/1/2021
1140,35671984,7,F,3/11/2021
1141,35672968,7,M,1/23/2021
1142,35671865,3,M,1/6/2021
1143,35672780,2,M,3/11/2021
1144,35671506,1,F,3/1/2021
1145,35671189,5,M,3/7/2021
1146,35672099,2,F,1/10/2021
1147,35672354,3,M,3/6/2021
1148,35670939,4,M,2/20/2021
1149,35672841,3,F,1/2/2021
1150,35671886,2,F,1/26/2021
1151,35671268,2,F,1/19/2021
1152,35671901,7,M,1/16/2021
1153,35671305,1,F,2/24/2021
1154,35671784,2,F,1/17/2021
1155,35672695,1,F,3/3/2021
1156,35672952,9,F,3/5/2021
1157,35672096,3,F,3/14/2021
1158,35672514,6,M,3/1/2021
1159,35671985,1,M,3/24/2021
1160,35672715,1,M,3/14/2021
1161,35672135,2,M,3/10/2021
1162,35672778,3,F,1/14/2021
1163,35672233,1,F,1/9/2021
1164,35671448,1,M,2/3/2021
1165,35671529,9,M,3/17/2021
1166,35672756,1,M,2/16/2021
1167,35671882,8,F,3/11/2021
1168,35672033,7,F,3/12/2021
1169,35672985,2,F,1/28/2021
1170,35672708,5,M,1/29/2021
1171,35671069,4,F,3/11/2021
1172,35671328,9,F,1/29/2021
1173,35672978,4,M,2/15/2021
1174,35671776,2,F,1/15/2021
1175,35672764,3,M,1/30/2021
1176,35671188,3,M,3/18/2021
1177,35672012,8,M,2/26/2021
1178,35672328,6,M,3/6/2021
1179,35673062,7,F,2/5/2021
1180,35671035,1,M,2/23/2021
1181,35672241,1,F,2/10/2021
1182,35671523,9,F,1/3/2021
1183,35671044,7,F,3/22/2021
1184,35672102,9,F,2/7/2021
1185,35672914,5,M,1/4/2021
1186,35672362,5,M,1/19/2021
1187,35671322,2,M,2/14/2021
1188,35671060,1,M,3/3/2021
1189,35672590,1,M,3/11/2021
1190,35671923,6,F,1/9/2021
1191,35672137,1,M,2/18/2021
1192,35671099,1,F,3/30/2021
1193,35672101,2,M,2/20/2021
1194,35672294,8,M,2/12/2021
1195,35671168,6,M,3/4/2021
1196,35671897,2,M,3/4/2021
1197,35672345,1,M,3/3/2021
1198,35671144,8,F,1/15/2021
1199,35671833,1,F,3/10/2021
1200,35672048,1,F,2/7/2021
1201,35671241,8,F,2/14/2021
1202,35672063,6,M,3/1/2021
1203,35672790,5,M,2/8/2021
1204,35671286,4,F,1/29/2021
1205,35670978,2,F,3/7/2021
1206,35671847,3,M,3/11/2021
1207,35672844,4,M,1/29/2021
1208,35672453,4,F,3/5/2021
1209,35672807,2,M,3/6/2021
1210,35671213,1,F,2/22/2021
1211,35671134,3,F,3/29/2021
1212,35671041,4,M,1/20/2021
1213,35671061,5,F,2/11/2021
1214,35672948,9,M,3/10/2021
1215,35670917,5,M,3/3/2021
1216,35671876,2,F,1/7/2021
1217,35672082,4,M,3/29/2021
1218,35672262,5,M,3/4/2021
1219,35672182,1,F,2/4/2021
1220,35670894,1,M,2/16/2021
1221,35672366,5,M,1/28/2021
1222,35672546,1,M,1/9/2021
1223,35671253,2,F,3/11/2021
1224,35671884,2,F,3/3/2021
1225,35671008,2,F,2/8/2021
1226,35672812,4,M,2/10/2021
1227,35671824,5,F,3/13/2021
1228,35672606,5,F,2/5/2021
1229,35671962,8,M,2/2/2021
1230,35670943,3,M,2/6/2021
1231,35671756,2,M,2/26/2021
1232,35672553,2,M,3/12/2021
1233,35672636,4,M,1/27/2021
1234,35671461,3,M,1/12/2021
1235,35673095,2,M,3/6/2021
1236,35671946,1,F,1/22/2021
1237,35671690,5,F,3/26/2021
1238,35671779,1,F,1/1/2021
1239,35672507,2,M,3/11/2021
1240,35672370,1,M,2/27/2021
1241,35672521,1,M,3/5/2021
1242,35670988,8,M,3/12/2021
1243,35673002,5,M,3/18/2021
1244,35671818,7,F,3/26/2021
1245,35671482,5,F,3/10/2021
1246,35671344,9,M,1/31/2021
1247,35671891,2,F,1/17/2021
1248,35672585,5,M,3/1/2021
1249,35670951,7,F,2/24/2021
1250,35671040,2,M,1/7/2021
1251,35671112,6,M,3/12/2021
1252,35672085,1,M,3/5/2021
1253,35672484,2,F,3/5/2021
1254,35672258,9,M,2/20/2021
1255,35672067,1,M,3/12/2021
1256,35671991,1,M,2/1/2021
1257,35672771,1,M,1/21/2021
1258,35671576,5,M,1/20/2021
1259,35671324,3,M,3/10/2021
1260,35672223,6,M,1/28/2021
1261,35671657,3,M,2/15/2021
1262,35671889,1,M,3/14/2021
1263,35670970,1,F,3/15/2021
1264,35672479,2,M,2/17/2021
1265,35671684,5,M,3/26/2021
1266,35672404,1,M,3/20/2021
1267,35672496,1,F,1/21/2021
1268,35672432,6,F,3/8/2021
1269,35671791,1,F,3/24/2021
1270,35670968,2,M,2/18/2021
1271,35673014,6,F,3/28/2021
1272,35672664,3,M,1/3/2021
1273,35673145,7,F,3/23/2021
1274,35671647,1,M,2/20/2021
1275,35670909,1,M,1/23/2021
1276,35671798,5,F,1/24/2021
1277,35672450,2,F,2/26/2021
1278,35671770,6,F,2/18/2021
1279,35672974,7,M,3/9/2021
1280,35671298,8,F,2/14/2021
1281,35672955,6,F,1/1/2021
1282,35671832,1,F,1/25/2021
1283,35671801,1,M,3/11/2021
1284,35672655,1,F,1/14/2021
1285,35672803,3,M,1/29/2021
1286,35671617,8,M,1/21/2021
1287,35672433,6,F,1/23/2021
1288,35671009,2,M,3/17/2021
1289,35672311,1,F,3/6/2021
1290,35672324,2,M,3/23/2021
1291,35672770,2,M,2/12/2021
1292,35671248,2,M,1/1/2021
1293,35671320,8,F,1/21/2021
1294,35672867,3,M,1/24/2021
1295,35671177,2,F,3/8/2021
1296,35672651,1,F,3/29/2021
1297,35672396,9,M,3/3/2021
1298,35672724,1,M,1/3/2021
1299,35672875,3,F,3/19/2021
1300,35671707,1,M,3/5/2021
1301,35671531,2,F,2/13/2021
1302,35671046,2,M,1/5/2021
1303,35673047,7,M,3/9/2021
1304,35671485,3,M,2/18/2021
1305,35671276,4,M,1/9/2021
1306,35672470,3,M,3/1/2021
1307,35672259,5,F,2/23/2021
1308,35672065,2,M,1/29/2021
1309,35672369,3,M,3/6/2021
1310,35672104,7,F,1/7/2021
1311,35671562,1,M,2/4/2021
1312,35672305,9,M,2/20/2021
1313,35671238,1,F,1/14/2021
1314,35673080,1,M,3/5/2021
1315,35672381,6,M,1/23/2021
1316,35671898,2,F,3/18/2021
1317,35672633,2,F,2/9/2021
1318,35672439,3,M,1/30/2021
1319,35672111,7,F,3/11/2021
1320,35672482,3,F,3/5/2021
1321,35671155,7,M,3/3/2021
1322,35672000,5,M,3/1/2021
1323,35670958,1,M,1/11/2021
1324,35671202,6,M,3/15/2021
1325,35672938,2,F,1/10/2021
1326,35670947,6,F,3/18/2021
1327,35671980,8,M,3/15/2021
1328,35672397,3,F,2/15/2021
1329,35673129,3,M,1/25/2021
1330,35671592,8,M,3/14/2021
1331,35672576,4,M,3/7/2021
1332,35672869,6,F,2/28/2021
1333,35671691,1,F,3/27/2021
1334,35673092,8,F,2/9/2021
1335,35671315,1,M,3/20/2021
1336,35671020,7,M,3/14/2021
1337,35672999,1,F,3/11/2021
1338,35671362,2,F,3/3/2021
1339,35672172,1,M,2/5/2021
1340,35670907,6,F,3/7/2021
1341,35671810,8,M,3/21/2021
1342,35672677,9,M,2/16/2021
1343,35673001,4,F,2/23/2021
1344,35672501,1,F,3/4/2021
1345,35672547,4,F,3/8/2021
1346,35671753,2,M,3/1/2021
1347,35672589,1,M,3/26/2021
1348,35671374,2,F,2/10/2021
1349,35671140,2,M,3/10/2021
1350,35672750,4,F,3/14/2021
1351,35671420,9,F,2/13/2021
1352,35671207,9,M,1/14/2021
1353,35672760,8,M,3/9/2021
1354,35671109,2,M,3/6/2021
1355,35671402,4,M,2/27/2021
1356,35672537,5,F,1/23/2021
1357,35671564,8,M,2/27/2021
1358,35671742,1,F,2/4/2021
1359,35671883,5,F,3/4/2021
1360,35671566,4,F,3/1/2021
1361,35672486,1,M,3/7/2021
1362,35672415,2,F,3/10/2021
1363,35672627,4,F,2/13/2021
1364,35671396,4,M,3/9/2021
1365,35671619,1,M,2/1/2021
1366,35671669,8,M,3/23/2021
1367,35672839,3,M,2/9/2021
1368,35671172,1,M,1/2/2021
1369,35671628,5,F,3/6/2021
1370,35672130,1,M,1/1/2021
1371,35673147,2,F,3/2/2021
1372,35672238,3,M,1/19/2021
1373,35672207,4,F,3/3/2021
1374,35672367,1,F,2/3/2021
1375,35670896,2,F,2/1/2021
1376,35671589,5,M,3/7/2021
1377,35672337,1,M,3/28/2021
1378,35671104,5,M,3/5/2021
1379,35672824,1,F,3/1/2021
1380,35672285,3,M,1/20/2021
1381,35672499,7,F,3/22/2021
1382,35671615,1,M,1/4/2021
1383,35671119,1,F,2/28/2021
1384,35672906,3,F,1/25/2021
1385,35671013,2,F,2/7/2021
1386,35672910,2,M,2/22/2021
1387,35671632,4,F,2/4/2021
1388,35671861,6,F,3/7/2021
1389,35672463,8,F,3/26/2021
1390,35670915,2,F,3/13/2021
1391,35672447,2,F,2/26/2021
1392,35672169,1,M,1/11/2021
1393,35671007,2,M,1/28/2021
1394,35672254,9,F,1/13/2021
1395,35671727,1,F,3/5/2021
1396,35671159,2,M,3/14/2021
1397,35671649,4,M,2/18/2021
1398,35671736,4,M,3/12/2021
1399,35671524,7,F,3/3/2021
1400,35671294,4,F,2/3/2021
1401,35672034,5,M,1/10/2021
1402,35671409,2,M,2/19/2021
1403,35671668,1,M,3/5/2021
1404,35672861,6,M,3/4/2021
1405,35672923,8,F,3/21/2021
1406,35671862,1,F,3/17/2021
1407,35672533,4,M,3/2/2021
1408,35673140,5,M,2/6/2021
1409,35671108,1,F,3/1/2021
1410,35672042,2,F,2/7/2021
1411,35672399,6,F,2/22/2021
1412,35671900,2,M,3/1/2021
1413,35672280,2,M,3/29/2021
1414,35671425,2,M,3/14/2021
1415,35671064,9,M,3/12/2021
1416,35672990,1,F,3/14/2021
1417,35670981,1,F,3/30/2021
1418,35672828,2,F,1/25/2021
1419,35672265,9,M,3/8/2021
1420,35672981,1,M,3/6/2021
1421,35672089,9,F,1/2/2021
1422,35671820,4,F,2/10/2021
1423,35671653,2,F,1/31/2021
1424,35672642,7,F,3/14/2021
1425,35672403,1,F,3/9/2021
1426,35672462,2,F,3/11/2021
1427,35672247,4,F,1/5/2021
1428,35671683,1,F,1/24/2021
1429,35671462,7,F,3/2/2021
1430,35671436,8,M,1/3/2021
1431,35671788,5,F,1/27/2021
1432,35671483,1,M,2/1/2021
1433,35672913,5,M,2/6/2021
1434,35671051,1,F,3/12/2021
1435,35673117,4,M,3/5/2021
1436,35671318,2,M,3/2/2021
1437,35672667,2,F,2/28/2021
1438,35672455,4,M,1/10/2021
1439,35672231,5,M,1/13/2021
1440,35671142,7,M,3/5/2021
1441,35673154,8,F,3/4/2021
1442,35672178,4,M,3/15/2021
1443,35671301,2,M,1/22/2021
1444,35671068,1,M,1/4/2021
1445,35673012,2,F,3/8/2021
1446,35673159,5,F,2/12/2021
1447,35670953,4,F,2/21/2021
1448,35672181,1,M,1/29/2021
1449,35673024,1,F,1/3/2021
1450,35671618,4,F,1/3/2021
1451,35671458,5,F,3/8/2021
1452,35672580,1,F,3/13/2021
1453,35671936,7,F,3/11/2021
1454,35672357,2,F,2/9/2021
1455,35671515,3,M,1/12/2021
1456,35671010,2,M,2/20/2021
1457,35671522,8,M,3/8/2021
1458,35672281,2,F,3/19/2021
1459,35671608,3,M,2/13/2021
1460,35671602,4,F,1/6/2021
1461,35672922,2,F,2/1/2021
1462,35672465,5,M,3/3/2021
1463,35672644,9,F,1/22/2021
1464,35672075,7,M,3/30/2021
1465,35671518,9,M,1/6/2021
1466,35671433,3,M,3/29/2021
1467,35671731,6,M,3/10/2021
1468,35672643,8,M,3/15/2021
1469,35671096,9,F,2/15/2021
1470,35672929,5,F,1/19/2021
1471,35671352,4,F,2/28/2021
1472,35673033,3,M,1/21/2021
1473,35671928,5,F,3/7/2021
1474,35672197,2,M,2/25/2021
1475,35670891,6,F,3/10/2021
1476,35672657,4,M,3/29/2021
1477,35673025,6,M,3/16/2021
1478,35671716,8,F,3/2/2021
1479,35670963,1,F,2/28/2021
1480,35671542,3,F,3/9/2021
1481,35671417,5,F,2/16/2021
1482,35671233,5,M,3/6/2021
1483,35672188,2,M,3/25/2021
1484,35673087,6,F,2/8/2021
1485,35671156,1,M,2/14/2021
1486,35671469,6,F,2/1/2021
1487,35672378,3,M,1/18/2021
1488,35671729,7,F,3/6/2021
1489,35671375,2,M,3/28/2021
1490,35672410,6,F,2/2/2021
1491,35672203,2,M,3/3/2021
1492,35671972,8,F,3/13/2021
1493,35671240,1,F,3/3/2021
1494,35672919,1,M,3/29/2021
1495,35672260,5,M,2/9/2021
1496,35671710,1,M,2/13/2021
1497,35671262,4,M,2/10/2021
1498,35671741,6,F,3/13/2021
1499,35673157,3,M,3/1/2021
1500,35671224,8,M,1/12/2021
1501,35671944,1,F,3/28/2021
1502,35671379,1,F,3/1/2021
1503,35672296,7,F,3/7/2021
1504,35672542,1,F,3/13/2021
1505,35672062,1,M,3/7/2021
1506,35671733,5,M,3/12/2021
1507,35672166,8,M,3/17/2021
1508,35670980,6,M,2/11/2021
1509,35672897,1,F,2/22/2021
1510,35671875,5,F,1/11/2021
1511,35672862,1,M,3/3/2021
1512,35671583,1,F,2/18/2021
1513,35671216,8,M,3/25/2021
1514,35671504,1,F,1/30/2021
1515,35672849,7,M,3/11/2021
1516,35672284,2,M,2/10/2021
1517,35671654,1,M,2/20/2021
1518,35672216,1,M,3/15/2021
1519,35672147,1,M,3/1/2021
1520,35672464,1,M,3/10/2021
1521,35671527,7,M,1/2/2021
1522,35671477,3,F,3/30/2021
1523,35672797,2,M,1/24/2021
1524,35671929,4,F,1/28/2021
1525,35673144,5,F,1/7/2021
1526,35672850,1,F,3/12/2021
1527,35671398,1,F,2/21/2021
1528,35671920,8,M,3/6/2021
1529,35672073,1,M,2/13/2021
1530,35672010,2,M,3/6/2021
1531,35671807,1,M,3/12/2021
1532,35672656,7,M,3/2/2021
1533,35673050,6,F,3/3/2021
1534,35673009,1,F,2/24/2021
1535,35672813,8,F,2/4/2021
1536,35671826,7,F,2/28/2021
1537,35672157,1,F,1/26/2021
1538,35672110,5,F,3/6/2021
1539,35672494,1,F,1/5/2021
1540,35671285,2,M,3/13/2021
1541,35671404,3,M,1/6/2021
1542,35672195,2,M,3/13/2021
1543,35672051,2,M,2/8/2021
1544,35671492,6,F,3/2/2021
1545,35671677,9,M,3/10/2021
1546,35672749,3,M,1/5/2021
1547,35672045,1,F,1/29/2021
1548,35672297,3,F,1/2/2021
1549,35672488,2,M,1/18/2021
1550,35672998,1,F,3/14/2021
1551,35671356,1,F,3/8/2021
1552,35671359,1,F,1/30/2021
1553,35671271,3,M,3/7/2021
1554,35671073,2,M,1/2/2021
1555,35671170,1,F,3/5/2021
1556,35670986,1,F,2/27/2021
1557,35672457,2,F,1/8/2021
1558,35671853,3,F,1/21/2021
1559,35670962,3,M,3/13/2021
1560,35672112,4,F,3/9/2021
1561,35672405,2,M,1/7/2021
1562,35672802,6,F,3/7/2021
1563,35670955,4,M,2/15/2021
1564,35671793,1,M,2/15/2021
1565,35673007,6,F,3/7/2021
1566,35672248,1,M,1/5/2021
1567,35671520,3,M,3/23/2021
1568,35670921,5,M,3/2/2021
1569,35671350,1,F,3/5/2021
1570,35671382,3,F,2/5/2021
1571,35671052,2,F,1/6/2021
1572,35672477,1,M,3/3/2021
1573,35672894,7,F,2/10/2021
1574,35672909,1,M,3/24/2021
1575,35671751,1,M,2/18/2021
1576,35671964,1,F,2/25/2021
1577,35671095,4,F,1/20/2021
1578,35671479,6,F,1/27/2021
1579,35673134,2,M,2/23/2021
1580,35671768,1,F,1/31/2021
1581,35673071,2,M,1/2/2021
1582,35672459,3,M,1/19/2021
1583,35671822,5,M,2/14/2021
1584,35672808,4,F,3/13/2021
1585,35672319,2,M,3/9/2021
1586,35671481,6,F,3/11/2021
1587,35672310,1,F,3/7/2021
1588,35672165,2,F,3/6/2021
1589,35671590,1,F,3/26/2021
1590,35671223,1,M,1/29/2021
1591,35672524,6,F,3/3/2021
1592,35672927,2,F,2/28/2021
1593,35673132,6,F,1/5/2021
1594,35672395,8,F,2/3/2021
1595,35672221,1,F,3/23/2021
1596,35672511,7,M,2/28/2021
1597,35671740,2,M,2/13/2021
1598,35673042,5,F,3/25/2021
1599,35671573,3,M,2/12/2021
1600,35672884,3,M,1/16/2021
1601,35672613,7,M,3/12/2021
1602,35671803,1,M,1/25/2021
1603,35673031,9,M,3/7/2021
1604,35671378,8,M,3/13/2021
1605,35673155,6,F,3/6/2021
1606,35672196,3,M,2/6/2021
1607,35671326,9,F,2/16/2021
1608,35671709,8,F,3/7/2021
1609,35671965,3,M,2/26/2021
1610,35672308,1,F,3/1/2021
1611,35672516,6,M,1/21/2021
1612,35672719,8,M,1/31/2021
1613,35672361,8,M,3/12/2021
1614,35672049,5,F,1/24/2021
1615,35672573,2,M,1/18/2021
1616,35671843,8,M,2/6/2021
1617,35671219,1,F,1/9/2021
1618,35671187,1,M,1/20/2021
1619,35671116,9,M,3/15/2021
1620,35671821,3,F,3/6/2021
1621,35671145,1,M,3/1/2021
1622,35672743,1,F,1/19/2021
1623,35673069,3,M,3/16/2021
1624,35672575,1,M,3/6/2021
1625,35671966,5,F,3/9/2021
1626,35672926,5,F,3/4/2021
1627,35672768,5,M,1/19/2021
1628,35672720,2,F,1/24/2021
1629,35671795,6,M,3/15/2021
1630,35671765,5,M,3/15/2021
1631,35673083,6,M,3/7/2021
1632,35671806,5,F,1/31/2021
1633,35671577,5,M,3/3/2021
1634,35672759,3,M,1/12/2021
1635,35673005,6,M,3/9/2021
1636,35671272,1,F,2/7/2021
1637,35672179,4,F,2/24/2021
1638,35672021,3,M,3/14/2021
1639,35672653,1,F,3/14/2021
1640,35672145,8,F,3/10/2021
1641,35671416,1,M,2/3/2021
1642,35672276,2,F,3/9/2021
1643,35671082,5,M,2/8/2021
1644,35672300,9,F,3/3/2021
1645,35672544,1,M,3/20/2021
1646,35672390,7,F,2/24/2021
1647,35671355,1,F,3/3/2021
1648,35672522,3,F,1/1/2021
1649,35673108,9,M,2/24/2021
1650,35671074,7,F,3/28/2021
1651,35671894,7,M,3/9/2021
1652,35671428,2,F,3/24/2021
1653,35671877,4,F,3/3/2021
1654,35671299,5,M,3/7/2021
1655,35670925,9,M,1/2/2021
1656,35672394,5,M,1/6/2021
1657,35672412,6,M,3/1/2021
1658,35672792,9,M,3/3/2021
1659,35672146,9,M,2/4/2021
1660,35672945,1,M,1/5/2021
1661,35670965,8,M,1/19/2021
1662,35671626,9,F,3/10/2021
1663,35672240,1,M,1/13/2021
1664,35672220,2,M,3/2/2021
1665,35671868,2,F,2/25/2021
1666,35672027,1,M,1/5/2021
1667,35672446,2,F,3/3/2021
1668,35672614,3,F,1/11/2021
1669,35671919,1,M,2/2/2021
1670,35672156,3,F,3/10/2021
1671,35671978,2,F,1/1/2021
1672,35672898,7,F,3/10/2021
1673,35673035,3,M,2/26/2021
1674,35672435,4,F,3/13/2021
1675,35673016,3,M,3/8/2021
1676,35672167,1,F,1/15/2021
1677,35672988,2,F,3/9/2021
1678,35671348,6,F,1/11/2021
1679,35671394,1,M,1/28/2021
1680,35672883,4,F,3/18/2021
1681,35672377,1,F,3/11/2021
1682,35670949,5,M,1/15/2021
1683,35672481,2,M,3/24/2021
1684,35671085,4,M,1/18/2021
1685,35671642,6,F,3/10/2021
1686,35672057,9,M,2/17/2021
1687,35671208,8,F,3/21/2021
1688,35671722,1,M,2/19/2021
1689,35671658,2,F,1/30/2021
1690,35671169,1,M,2/25/2021
1691,35672129,1,M,1/22/2021
1692,35672755,1,M,3/15/2021
1693,35672078,2,F,3/1/2021
1694,35672314,1,F,3/7/2021
1695,35671681,9,F,3/23/2021
1696,35671708,1,M,3/17/2021
1697,35672856,8,M,1/29/2021
1698,35672452,1,M,1/2/2021
1699,35671141,3,M,3/25/2021
1700,35672425,1,F,3/3/2021
1701,35672704,6,M,3/28/2021
1702,35672757,9,M,1/22/2021
1703,35672541,2,M,2/27/2021
1704,35672692,3,F,3/8/2021
1705,35670984,9,F,1/28/2021
1706,35671194,1,M,3/4/2021
1707,35672461,1,F,3/2/2021
1708,35672504,2,F,2/16/2021
1709,35672876,1,F,3/3/2021
1710,35671034,1,F,3/13/2021
1711,35672325,1,F,2/4/2021
1712,35672391,4,F,1/18/2021
1713,35671341,6,M,2/28/2021
1714,35672649,5,F,3/8/2021
1715,35672620,8,M,3/6/2021
1716,35671297,2,M,2/13/2021
1717,35671494,1,F,3/16/2021
1718,35671558,4,M,3/8/2021
1719,35671760,1,M,2/20/2021
1720,35672289,3,F,3/4/2021
1721,35673058,8,F,1/9/2021
1722,35672966,2,M,1/13/2021
1723,35671237,4,F,3/18/2021
1724,35673085,4,M,1/14/2021
1725,35672538,9,M,3/5/2021
1726,35672283,7,M,3/15/2021
1727,35670919,1,M,3/9/2021
1728,35671947,5,F,1/26/2021
1729,35672493,1,M,3/15/2021
1730,35671442,3,M,1/10/2021
1731,35671738,2,M,1/5/2021
1732,35670992,1,M,3/22/2021
1733,35671290,1,F,3/6/2021
1734,35672851,5,F,2/22/2021
1735,35671441,4,M,1/4/2021
1736,35671059,3,M,3/7/2021
1737,35671968,2,F,1/7/2021
1738,35671500,7,F,1/13/2021
1739,35671910,2,M,1/21/2021
1740,35672087,5,F,3/4/2021
1741,35671158,2,M,2/13/2021
1742,35672160,3,F,1/20/2021
1743,35672249,2,F,3/28/2021
1744,35672809,2,M,3/9/2021
1745,35671937,3,M,3/3/2021
1746,35672838,8,F,2/19/2021
1747,35671888,3,M,2/6/2021
1748,35672142,4,F,3/8/2021
1749,35672873,9,F,3/16/2021
1750,35672820,1,F,3/13/2021
1751,35673103,2,M,2/14/2021
1752,35671924,1,M,2/22/2021
1753,35672149,3,F,2/16/2021
1754,35671222,3,M,3/2/2021
1755,35672723,2,F,3/2/2021
1756,35671205,4,F,3/4/2021
1757,35672168,8,F,1/13/2021
1758,35672688,1,M,3/11/2021
1759,35672024,1,F,1/26/2021
1760,35671373,2,F,2/20/2021
1761,35671498,3,F,1/12/2021
1762,35671325,1,M,3/1/2021
1763,35672098,2,M,3/8/2021
1764,35671146,3,M,2/25/2021
1765,35672330,1,F,1/7/2021
1766,35672860,1,M,2/17/2021
1767,35671612,8,F,3/12/2021
1768,35671048,1,M,1/16/2021
1769,35670976,1,M,2/16/2021
1770,35672874,1,F,2/16/2021
1771,35671682,1,F,2/28/2021
1772,35673153,1,M,2/24/2021
1773,35671284,1,M,1/26/2021
1774,35671757,9,M,2/15/2021
1775,35672933,1,M,3/14/2021
1776,35672618,3,M,1/17/2021
1777,35673104,1,M,2/22/2021
1778,35671179,6,F,2/24/2021
1779,35671193,7,F,2/11/2021
1780,35670985,9,M,3/5/2021
1781,35672037,8,F,2/11/2021
1782,35672290,6,F,1/23/2021
1783,35672237,2,M,1/2/2021
1784,35671644,7,F,2/25/2021
1785,35672365,2,F,2/21/2021
1786,35671190,2,M,3/20/2021
1787,35672951,1,F,3/18/2021
1788,35672815,2,M,1/10/2021
1789,35672822,8,M,3/12/2021
1790,35672199,2,F,3/21/2021
1791,35672052,1,F,3/12/2021
1792,35671866,8,M,2/13/2021
1793,35671693,2,M,3/16/2021
1794,35672255,2,M,1/31/2021
1795,35672119,5,M,2/25/2021
1796,35671358,2,F,1/31/2021
1797,35671383,6,M,1/7/2021
1798,35670901,9,F,1/30/2021
1799,35672937,4,F,3/5/2021
1800,35671705,7,M,2/8/2021
1801,35672950,2,M,2/10/2021
1802,35672153,1,M,2/17/2021
1803,35672745,5,F,2/16/2021
1804,35672268,1,M,3/3/2021
1805,35672079,4,F,1/25/2021
1806,35672675,6,F,3/6/2021
1807,35671078,1,M,3/1/2021
1808,35672298,9,F,2/1/2021
1809,35672429,4,M,1/10/2021
1810,35671594,2,M,3/18/2021
1811,35671407,5,M,2/8/2021
1812,35672407,8,F,2/21/2021
1813,35672515,6,F,1/10/2021
1814,35671610,8,M,3/11/2021
1815,35672095,3,M,3/7/2021
1816,35672128,1,M,2/9/2021
1817,35672500,1,M,3/12/2021
1818,35672754,9,F,3/28/2021
1819,35672376,3,M,2/1/2021
1820,35672288,9,F,1/7/2021
1821,35671287,2,F,2/26/2021
1822,35673053,3,M,2/16/2021
1823,35671472,2,M,3/7/2021
1824,35671775,1,F,1/22/2021
1825,35671675,3,F,1/31/2021
1826,35672795,1,M,1/14/2021
1827,35671296,1,M,1/24/2021
1828,35672825,1,F,3/12/2021
1829,35672689,1,F,3/8/2021
1830,35672584,6,M,3/14/2021
1831,35672900,2,F,1/28/2021
1832,35671698,4,F,1/6/2021
1833,35672109,1,M,3/14/2021
1834,35670902,1,M,1/13/2021
1835,35673101,2,F,2/19/2021
1836,35671133,1,M,1/25/2021
1837,35671274,3,M,1/25/2021
1838,35672278,3,M,3/18/2021
1839,35671994,9,F,3/25/2021
1840,35672519,8,F,3/2/2021
1841,35671397,5,F,1/6/2021
1842,35672342,9,M,2/18/2021
1843,35673003,5,F,1/29/2021
1844,35671605,1,F,3/8/2021
1845,35671720,4,F,3/10/2021
1846,35672029,3,M,3/5/2021
1847,35671922,6,M,2/14/2021
1848,35671192,3,M,1/16/2021
1849,35672506,7,F,1/23/2021
1850,35671762,8,M,2/20/2021
1851,35672275,6,F,1/16/2021
1852,35672870,2,F,1/6/2021
1853,35672204,9,M,3/21/2021
1854,35672916,1,F,2/14/2021
1855,35673008,6,M,3/8/2021
1856,35672621,4,M,3/15/2021
1857,35672011,1,F,2/9/2021
1858,35671625,4,M,3/13/2021
1859,35672941,6,M,1/8/2021
1860,35671581,4,F,2/11/2021
1861,35672543,1,M,1/5/2021
1862,35672491,1,F,3/2/2021
1863,35671914,2,M,3/2/2021
1864,35671507,1,M,2/10/2021
1865,35673163,7,F,2/12/2021
1866,35671952,5,F,2/14/2021
1867,35670991,3,M,2/2/2021
1868,35671616,2,M,2/14/2021
1869,35672159,1,F,1/25/2021
1870,35671954,7,F,2/9/2021
1871,35672466,1,M,3/11/2021
1872,35673124,8,M,1/5/2021
1873,35672113,1,M,3/2/2021
1874,35671816,5,M,3/10/2021
1875,35671976,8,F,2/2/2021
1876,35672302,8,F,3/23/2021
1877,35672483,3,M,3/5/2021
1878,35671787,1,M,3/9/2021
1879,35671226,5,M,2/5/2021
1880,35672662,3,F,3/14/2021
1881,35672612,6,F,1/14/2021
1882,35672379,1,M,2/6/2021
1883,35673021,4,M,1/17/2021
1884,35672339,5,M,3/6/2021
1885,35671103,8,F,3/10/2021
1886,35672629,1,F,3/23/2021
1887,35671288,1,F,3/14/2021
1888,35672413,2,M,2/3/2021
1889,35671195,1,F,2/8/2021
1890,35671265,1,F,1/17/2021
1891,35671543,3,F,1/2/2021
1892,35671447,2,F,3/25/2021
1893,35671364,1,M,2/7/2021
1894,35673036,5,M,1/14/2021
1895,35672209,2,M,1/6/2021
1896,35671266,7,M,3/5/2021
1897,35671258,1,F,3/22/2021
1898,35671764,1,M,3/14/2021
1899,35673120,1,F,2/11/2021
1900,35672551,8,M,3/12/2021
1901,35671183,2,F,3/28/2021
1902,35672338,9,F,3/14/2021
1903,35671844,1,M,3/18/2021
1904,35672040,2,F,3/13/2021
1905,35672782,4,M,2/26/2021
1906,35673089,8,M,1/17/2021
1907,35672066,4,M,3/10/2021
1908,35673020,4,M,1/15/2021
1909,35671072,4,M,1/8/2021
1910,35672193,5,F,1/14/2021
1911,35671603,1,F,3/14/2021
1912,35671161,8,M,3/5/2021
1913,35672039,1,F,1/2/2021
1914,35671641,2,F,1/7/2021
1915,35671621,4,F,3/3/2021
1916,35672349,1,M,2/18/2021
1917,35671809,3,M,3/26/2021
1918,35671557,1,F,3/25/2021
1919,35671278,5,M,1/24/2021
1920,35671317,1,F,3/12/2021
1921,35671598,4,M,1/19/2021
1922,35672652,4,M,2/8/2021
1923,35671508,9,M,3/3/2021
1924,35672877,5,M,1/17/2021
1925,35671530,3,M,3/14/2021
1926,35672263,9,M,1/31/2021
1927,35672194,3,F,1/5/2021
1928,35673063,8,M,3/28/2021
1929,35671250,4,M,1/26/2021
1930,35672568,3,F,1/10/2021
1931,35672607,6,F,3/16/2021
1932,35671794,8,F,3/2/2021
1933,35672763,3,M,3/6/2021
1934,35672498,1,M,2/25/2021
1935,35671049,6,F,1/3/2021
1936,35672022,4,F,1/23/2021
1937,35671426,2,M,1/16/2021
1938,35672336,2,M,1/21/2021
1939,35672154,2,M,2/7/2021
1940,35672215,3,F,2/18/2021
1941,35671885,8,F,2/9/2021
1942,35671098,8,M,3/16/2021
1943,35672460,4,F,3/22/2021
1944,35672189,6,M,3/13/2021
1945,35671437,3,M,1/3/2021
1946,35672495,6,F,1/1/2021
1947,35672069,1,M,2/3/2021
1948,35671513,9,F,2/12/2021
1949,35672445,1,M,2/26/2021
1950,35672217,1,M,2/15/2021
1951,35672043,8,F,1/31/2021
1952,35671638,1,M,3/11/2021
1953,35672853,1,M,3/9/2021
1954,35672709,1,M,1/19/2021
1955,35672282,6,F,3/15/2021
1956,35671032,2,F,3/28/2021
1957,35671232,2,F,1/18/2021
1958,35672818,7,M,2/12/2021
1959,35672810,1,M,3/11/2021
1960,35672257,2,M,1/7/2021
1961,35672562,9,M,1/17/2021
1962,35672055,9,F,3/10/2021
1963,35672563,6,F,3/30/2021
1964,35672387,1,M,3/13/2021
1965,35672940,6,F,1/16/2021
1966,35672769,2,M,2/25/2021
1967,35672004,1,M,1/2/2021
1968,35671871,1,M,1/24/2021
1969,35671633,5,M,3/9/2021
1970,35672125,3,M,3/17/2021
1971,35671182,1,M,3/8/2021
1972,35671200,3,M,3/28/2021
1973,35670973,4,M,1/27/2021
1974,35672070,8,M,1/11/2021
1975,35673111,5,F,2/25/2021
1976,35672389,1,M,3/23/2021
1977,35671001,8,M,3/14/2021
1978,35671180,1,M,3/2/2021
1979,35671957,1,M,3/17/2021
1980,35672566,6,F,1/7/2021
1981,35672605,2,M,3/29/2021
1982,35671499,2,F,3/15/2021
1983,35672673,6,F,1/6/2021
1984,35672267,8,F,3/5/2021
1985,35671369,7,F,3/4/2021
1986,35671471,5,M,1/2/2021
1987,35672975,1,F,3/8/2021
1988,35672214,2,M,1/17/2021
1989,35671737,4,M,2/13/2021
1990,35671982,8,F,3/27/2021
1991,35672424,1,M,3/13/2021
1992,35672467,9,M,2/25/2021
1993,35671464,9,F,2/12/2021
1994,35671467,3,M,3/1/2021
1995,35672030,1,F,2/7/2021
1996,35672368,1,M,2/21/2021
1997,35673048,2,M,1/3/2021
1998,35673079,7,M,3/2/2021
1999,35672307,7,F,1/4/2021
2000,35670956,1,F,1/30/2021
2001,35672177,3,M,3/9/2021
2002,35672192,2,M,2/16/2021
2003,35672035,1,F,3/9/2021
2004,35671580,3,M,3/23/2021
2005,35671056,1,M,3/10/2021
2006,35671053,1,F,2/10/2021
2007,35672703,1,F,3/6/2021
2008,35672320,1,F,3/10/2021
2009,35672567,1,F,1/8/2021
2010,35673116,5,M,3/3/2021
2011,35671977,5,F,1/31/2021
2012,35671309,7,F,3/27/2021
2013,35672641,1,M,2/5/2021
2014,35671405,9,M,3/14/2021
2015,35671614,2,M,3/7/2021
2016,35672772,7,M,3/5/2021
2017,35672582,2,F,1/20/2021
2018,35671468,1,M,3/3/2021
2019,35673131,3,M,3/12/2021
2020,35671062,2,F,1/4/2021
2021,35672676,2,F,3/9/2021
2022,35672023,2,M,1/12/2021
2023,35672270,4,F,3/1/2021
2024,35672840,3,M,2/21/2021
2025,35671257,1,F,3/10/2021
2026,35671586,1,F,1/2/2021
2027,35671024,1,F,3/6/2021
2028,35672679,1,F,3/8/2021
2029,35672645,7,M,3/5/2021
2030,35671412,6,M,1/24/2021
2031,35673029,8,M,1/4/2021
2032,35672885,1,F,3/17/2021
2033,35671400,6,F,2/11/2021
2034,35671721,6,M,3/26/2021
2035,35673119,9,F,2/14/2021
2036,35671993,2,F,3/3/2021
2037,35670971,2,F,3/27/2021
2038,35673074,5,M,3/15/2021
2039,35671823,3,M,3/30/2021
2040,35672732,2,F,3/23/2021
2041,35671510,1,F,3/11/2021
2042,35671261,3,M,1/2/2021
2043,35670998,6,F,3/14/2021
2044,35671384,1,M,2/16/2021
2045,35671042,2,M,1/31/2021
2046,35672086,2,M,3/7/2021
2047,35673070,4,F,3/11/2021
2048,35672155,2,M,1/25/2021
2049,35671514,7,F,1/14/2021
2050,35670924,9,M,3/6/2021
2051,35672740,4,M,1/16/2021
2052,35671620,9,M,3/3/2021
2053,35671005,3,M,3/3/2021
2054,35671686,1,M,3/11/2021
2055,35671247,1,F,2/13/2021
2056,35671165,7,F,1/2/2021
2057,35671532,1,M,2/9/2021
2058,35671951,2,M,2/5/2021
2059,35672683,5,M,1/8/2021
2060,35672416,8,F,3/25/2021
2061,35672611,2,M,2/10/2021
2062,35672473,8,F,2/15/2021
2063,35672842,7,F,3/7/2021
2064,35671495,7,F,3/4/2021
2065,35671635,2,M,2/9/2021
2066,35672333,3,M,2/23/2021
2067,35672733,3,M,3/3/2021
2068,35672684,9,F,3/5/2021
2069,35671948,2,M,3/12/2021
2070,35671570,4,M,2/14/2021
2071,35672003,9,M,1/30/2021
2072,35671176,2,F,3/2/2021
2073,35672738,7,M,3/7/2021
2074,35672997,1,F,1/1/2021
2075,35672911,1,M,3/27/2021
2076,35672232,1,F,2/18/2021
2077,35671121,8,M,3/3/2021
2078,35671588,1,F,1/23/2021
2079,35670895,9,F,1/10/2021
2080,35671664,2,M,3/12/2021
2081,35670905,5,M,3/12/2021
2082,35671349,9,F,2/21/2021
2083,35670983,1,M,2/26/2021
2084,35671114,9,M,3/8/2021
2085,35672578,1,F,3/30/2021
2086,35672806,9,F,2/2/2021
2087,35671927,3,F,1/22/2021
2088,35671115,3,F,3/2/2021
2089,35672702,1,F,1/22/2021
2090,35671872,9,F,2/10/2021
2091,35672710,5,M,1/24/2021
2092,35671650,2,F,2/22/2021
2093,35672386,3,M,2/26/2021
2094,35672316,7,F,1/7/2021
2095,35671117,4,M,3/5/2021
2096,35671541,1,F,1/7/2021
2097,35673161,4,M,3/29/2021
2098,35671214,8,F,2/7/2021
2099,35671961,1,F,1/13/2021
2100,35673040,1,F,3/23/2021
2101,35672628,3,F,2/3/2021
2102,35672148,5,M,3/10/2021
2103,35673133,8,M,1/23/2021
2104,35670993,1,F,3/8/2021
2105,35671365,2,F,3/27/2021
2106,35671030,1,M,2/6/2021
2107,35671132,4,M,3/8/2021
2108,35672420,1,M,3/6/2021
2109,35671067,2,F,2/24/2021
2110,35672986,8,F,3/23/2021
2111,35671623,2,M,3/13/2021
2112,35672343,8,M,2/28/2021
2113,35672823,3,F,3/13/2021
2114,35670914,2,M,2/15/2021
2115,35671718,1,F,3/1/2021
2116,35672443,9,M,3/21/2021
2117,35673148,2,M,1/16/2021
2118,35672995,8,M,1/24/2021
2119,35672340,9,F,1/15/2021
2120,35672001,9,M,1/4/2021
2121,35671702,2,M,1/20/2021
2122,35671123,7,M,1/27/2021
2123,35672931,3,M,1/19/2021
2124,35672776,6,M,3/15/2021
2125,35673090,1,M,3/9/2021
2126,35671399,2,M,3/15/2021
2127,35671905,1,M,1/27/2021
2128,35671282,8,F,1/3/2021
2129,35671561,2,M,3/1/2021
2130,35671336,3,F,1/5/2021
2131,35671503,1,F,3/11/2021
2132,35672414,1,F,2/25/2021
2133,35672158,1,M,1/4/2021
2134,35672963,3,F,3/1/2021
2135,35672348,2,F,1/3/2021
2136,35671728,5,M,1/9/2021
2137,35673142,1,M,1/23/2021
2138,35673022,4,M,1/7/2021
2139,35671153,8,F,3/12/2021
2140,35670935,3,M,3/7/2021
2141,35672994,5,M,3/3/2021
2142,35672144,8,M,3/6/2021
2143,35672864,7,F,2/20/2021
2144,35672767,5,M,3/8/2021
2145,35671771,1,M,3/10/2021
2146,35672949,2,F,2/18/2021
2147,35672293,2,M,3/13/2021
2148,35672765,7,F,3/10/2021
2149,35672016,9,F,1/26/2021
2150,35671465,2,M,1/8/2021
2151,35672835,9,M,3/1/2021
2152,35671850,6,M,2/4/2021
2153,35672295,1,M,1/8/2021
2154,35672202,8,M,3/7/2021
2155,35671902,9,M,1/4/2021
2156,35671723,5,M,1/24/2021
2157,35672081,9,F,1/7/2021
2158,35672730,1,M,3/9/2021
2159,35672019,2,F,3/27/2021
2160,35672762,4,F,1/23/2021
2161,35670920,1,M,3/12/2021
2162,35672422,1,M,2/13/2021
2163,35673096,1,M,3/1/2021
2164,35672904,9,M,2/23/2021
2165,35672631,2,F,1/19/2021
2166,35671552,1,M,3/4/2021
2167,35672184,5,M,3/16/2021
2168,35672174,4,F,1/28/2021
2169,35671025,5,F,2/15/2021
2170,35672603,3,F,3/13/2021
2171,35671550,6,M,1/28/2021
2172,35672286,1,F,1/16/2021
2173,35671491,7,F,1/11/2021
2174,35672596,2,M,2/4/2021
2175,35671528,8,F,3/14/2021
2176,35672992,1,M,3/14/2021
2177,35672819,3,M,3/8/2021
2178,35673121,2,M,3/15/2021
2179,35671549,1,M,3/22/2021
2180,35670979,4,M,1/13/2021
2181,35672239,3,F,2/21/2021
2182,35672139,5,M,3/12/2021
2183,35672587,7,M,3/5/2021
2184,35671835,6,F,3/7/2021
2185,35672964,7,M,3/1/2021
2186,35671055,3,F,3/25/2021
2187,35671655,5,F,2/19/2021
2188,35671130,1,M,3/2/2021
2189,35672545,5,F,3/13/2021
2190,35671921,2,M,2/9/2021
2191,35671178,2,M,3/5/2021
2192,35670952,2,M,1/8/2021
2193,35672878,3,F,1/7/2021
2194,35671496,1,F,3/20/2021
2195,35671501,2,F,1/19/2021
2196,35673064,4,F,3/7/2021
2197,35672863,6,M,2/18/2021
2198,35671538,5,M,1/5/2021
2199,35670974,1,F,1/31/2021
2200,35672821,9,M,2/24/2021
2201,35673106,2,F,1/25/2021
2202,35671488,2,F,3/11/2021
2203,35671611,1,F,1/21/2021
2204,35672979,4,M,3/14/2021
2205,35671758,8,M,3/6/2021
2206,35673055,2,F,1/24/2021
2207,35672436,2,M,3/3/2021
2208,35671419,3,M,2/21/2021
2209,35671956,3,M,3/2/2021
2210,35673075,7,M,1/25/2021
2211,35672987,1,F,3/6/2021
2212,35672674,2,M,2/17/2021
2213,35671667,6,M,1/31/2021
2214,35671306,9,M,1/10/2021
2215,35672053,5,M,3/20/2021
2216,35672669,3,M,1/30/2021
2217,35671879,6,M,3/10/2021
2218,35673150,8,M,2/16/2021
2219,35673010,1,M,3/10/2021
2220,35671162,6,M,1/26/2021
2221,35673006,1,F,2/11/2021
2222,35672489,3,M,1/24/2021
2223,35672409,3,F,1/1/2021
2224,35670897,1,M,3/13/2021
2225,35671267,3,F,1/20/2021
2226,35672353,1,M,3/24/2021
2227,35671411,3,M,1/14/2021
2228,35672380,1,M,2/27/2021
2229,35671517,1,M,3/14/2021
2230,35672287,6,F,2/5/2021
2231,35672660,1,F,2/8/2021
2232,35671724,1,F,3/15/2021
2233,35671079,2,F,1/24/2021
2234,35673049,5,M,2/17/2021
2235,35672804,1,M,3/9/2021
2236,35672329,6,F,3/8/2021
2237,35671406,2,M,3/11/2021
2238,35670987,5,M,2/14/2021
2239,35672671,6,M,1/21/2021
2240,35672304,2,M,3/7/2021
2241,35672344,3,M,2/12/2021
2242,35672593,1,F,3/26/2021
2243,35672458,1,F,3/11/2021
2244,35671174,2,F,2/26/2021
2245,35671370,5,M,3/7/2021
2246,35672534,8,M,3/3/2021
2247,35672777,2,M,1/22/2021
2248,35672748,1,F,3/12/2021
2249,35671715,2,F,3/11/2021
2250,35671606,9,M,3/24/2021
2251,35671783,4,F,3/8/2021
2252,35671678,7,M,2/4/2021
2253,35671711,7,F,2/1/2021
2254,35672002,5,M,3/8/2021
2255,35672640,4,F,1/5/2021
2256,35671837,6,M,3/13/2021
2257,35671385,2,F,3/5/2021
2258,35673128,5,F,3/2/2021
2259,35671696,8,M,2/25/2021
2260,35672946,3,F,1/12/2021
2261,35672092,8,F,2/24/2021
2262,35671184,1,M,3/15/2021
2263,35672206,5,M,2/25/2021
2264,35671199,2,M,2/21/2021
2265,35671452,3,F,2/11/2021
2266,35672393,3,M,3/11/2021
2267,35672036,6,F,1/26/2021
2268,35671151,3,F,1/3/2021
2269,35670893,1,M,3/8/2021
2270,35670937,7,M,2/9/2021
2271,35672100,1,F,1/10/2021
2272,35671975,3,M,3/3/2021
2273,35672388,1,F,3/14/2021
