id_client,id_city,gender,date_come
35672054,5,M,1/6/2021
35671627,7,F,1/10/2021
35671761,3,M,3/10/2021
35671410,1,M,1/30/2021
35671662,1,F,2/11/2021
35671210,7,F,1/31/2021
35671938,2,F,3/10/2021
35671782,1,F,3/10/2021
35671450,1,F,1/14/2021
35671376,1,F,3/6/2021
35671917,6,F,3/2/2021
35672646,2,M,2/19/2021
35671212,2,F,1/28/2021
35672930,1,F,3/10/2021
35673027,2,M,3/2/2021
35671752,3,F,1/25/2021
35671629,1,F,1/6/2021
35672854,1,M,3/17/2021
35671777,1,M,1/7/2021
35672313,6,M,1/8/2021
35671899,6,F,3/4/2021
35673100,5,F,2/16/2021
35672707,3,M,1/17/2021
35671039,5,F,1/26/2021
35673046,3,M,2/2/2021
35673086,4,F,2/10/2021
35671839,1,M,3/11/2021
35672084,6,M,3/7/2021
35672334,1,M,2/28/2021
35671229,5,F,1/22/2021
35671624,7,M,2/8/2021
35672517,4,F,3/11/2021
35673026,8,F,3/2/2021
35671556,6,M,2/24/2021
35671746,2,F,2/15/2021
35670989,1,F,2/24/2021
35672969,2,M,1/27/2021
35671945,7,M,2/19/2021
35672784,1,M,1/1/2021
35673072,2,M,1/28/2021
35672958,7,M,3/1/2021
35671505,5,F,2/14/2021
35671264,1,M,3/20/2021
35671907,1,F,3/4/2021
35673043,1,M,1/16/2021
35672632,1,M,2/8/2021
35672984,1,M,3/5/2021
35671083,2,F,3/10/2021
35671345,3,M,1/10/2021
35673158,6,F,1/21/2021
35672227,1,M,1/18/2021
35671087,6,F,1/21/2021
35672531,2,F,1/28/2021
35672244,1,M,3/6/2021
35672857,1,M,2/15/2021
35671480,2,F,3/15/2021
35671136,3,M,1/3/2021
35672977,2,M,1/24/2021
35671719,4,M,3/11/2021
35671969,1,F,3/3/2021
35672896,3,M,3/2/2021
35671663,1,M,3/11/2021
35671371,1,F,3/11/2021
35671175,2,M,2/25/2021
35671652,4,F,3/4/2021
35671070,2,M,3/15/2021
35672665,3,M,1/29/2021
35672783,4,F,3/12/2021
35672006,5,M,3/19/2021
35672198,1,F,2/26/2021
35672726,2,M,3/15/2021
35672714,6,M,2/19/2021
35672346,2,M,1/26/2021
35671391,2,M,1/6/2021
35670933,2,M,2/11/2021
35672175,1,F,3/23/2021
35670990,2,M,1/13/2021
35671960,1,F,3/12/2021
35672891,2,F,3/22/2021
35672359,8,M,2/1/2021
35672492,1,M,1/11/2021
35671979,3,F,3/27/2021
35671107,2,M,2/20/2021
35671797,2,M,1/18/2021
35671058,1,M,1/11/2021
35671084,1,F,3/20/2021
35671525,4,M,1/2/2021
35672625,4,F,1/25/2021
35671601,7,F,3/8/2021
35671880,1,M,3/14/2021
35671386,7,M,1/17/2021
35672989,2,F,3/30/2021
35671773,5,M,1/25/2021
35671555,2,F,3/9/2021
35672846,6,F,3/4/2021
35672729,2,M,3/2/2021
35672072,3,M,2/7/2021
35672264,2,M,2/10/2021
35672583,2,F,3/29/2021
35671796,8,M,1/2/2021
35671160,5,M,2/16/2021
35671535,2,M,2/24/2021
35671704,1,M,3/19/2021
35672624,2,F,1/12/2021
35671846,1,F,3/7/2021
35672402,3,M,3/9/2021
35671091,7,M,3/4/2021
35671421,2,M,1/21/2021
35671387,7,M,1/25/2021
35672058,2,F,3/15/2021
35673045,2,M,2/9/2021
35671996,1,F,2/13/2021
35672108,2,M,2/7/2021
35672315,7,F,3/15/2021
35671018,1,F,3/4/2021
35671251,5,M,1/5/2021
35672693,3,M,1/31/2021
35673114,7,F,3/8/2021
35671848,1,F,3/15/2021
35672032,1,F,1/11/2021
35671560,4,F,1/26/2021
35671805,1,M,3/19/2021
35671124,9,M,1/7/2021
35672088,6,M,3/20/2021
35671150,6,M,3/7/2021
35671841,1,M,2/19/2021
35672569,1,M,2/9/2021
35672341,2,F,1/12/2021
35672513,1,M,2/3/2021
35672026,1,M,3/20/2021
35672234,2,F,1/31/2021
35671197,4,M,3/5/2021
35672303,3,M,3/25/2021
35672747,2,M,2/11/2021
35671554,5,M,2/12/2021
35671220,9,F,3/27/2021
35672635,2,M,3/23/2021
35673138,3,M,3/20/2021
35672549,2,F,3/9/2021
35672468,2,M,1/31/2021
35672123,5,F,3/4/2021
35671126,7,F,1/13/2021
35671559,8,M,3/22/2021
35671493,1,M,2/2/2021
35672597,3,M,1/1/2021
35671023,2,M,3/11/2021
35672722,9,M,2/10/2021
35672798,9,M,3/5/2021
35672448,4,M,1/10/2021
35672371,1,F,3/5/2021
35671519,2,M,1/27/2021
35672742,3,M,3/18/2021
35672164,4,F,3/13/2021
35672666,3,F,3/12/2021
35672228,1,F,1/24/2021
35672015,5,F,2/21/2021
35671097,1,F,1/25/2021
35671147,5,M,3/29/2021
35671167,2,M,1/24/2021
35671029,2,M,2/26/2021
35671313,7,M,3/30/2021
35672529,2,F,1/11/2021
35672503,5,F,1/27/2021
35671537,1,F,1/24/2021
35672384,1,M,1/1/2021
35673078,1,F,3/23/2021
35672441,2,M,2/2/2021
35671595,1,F,2/15/2021
35671333,5,M,1/14/2021
35673137,1,M,3/24/2021
35672976,2,M,3/3/2021
35672094,1,F,2/17/2021
35671454,1,F,3/2/2021
35671380,1,F,1/31/2021
35672383,5,M,3/24/2021
35671714,2,M,3/11/2021
35672654,9,M,1/12/2021
35672721,6,M,2/3/2021
35671111,1,M,3/9/2021
35672028,3,M,3/18/2021
35673065,2,F,1/10/2021
35672392,1,M,3/2/2021
35672124,4,M,2/19/2021
35672787,6,F,2/24/2021
35671656,3,F,3/4/2021
35671739,4,F,1/21/2021
35670994,4,F,3/9/2021
35672478,1,F,3/21/2021
35670950,5,F,3/4/2021
35672497,1,F,2/27/2021
35673019,5,F,3/19/2021
35671934,2,M,3/3/2021
35671279,1,F,1/14/2021
35672114,1,M,1/11/2021
35672261,2,M,3/7/2021
35672136,4,M,3/10/2021
35672741,2,F,3/2/2021
35672170,7,F,2/2/2021
35671353,1,F,2/18/2021
35672322,2,M,1/15/2021
35671873,5,F,3/18/2021
35672127,2,F,3/8/2021
35671986,3,M,3/1/2021
35671316,2,F,2/2/2021
35672843,2,F,1/3/2021
35670903,4,F,3/25/2021
35671732,9,F,3/12/2021
35671470,6,F,3/14/2021
35672700,3,M,1/16/2021
35671071,2,F,1/15/2021
35672190,2,M,3/10/2021
35671191,9,F,3/7/2021
35673122,2,F,3/10/2021
35671476,4,M,2/26/2021
35672103,5,F,3/10/2021
35673052,9,M,2/2/2021
35671772,5,M,1/8/2021
35671930,3,M,3/24/2021
35671414,1,F,3/8/2021
35672555,8,M,1/23/2021
35671540,8,M,1/14/2021
35671346,1,M,1/19/2021
35672116,1,M,2/4/2021
35672520,1,F,3/29/2021
35672890,9,F,3/1/2021
35670995,2,F,3/15/2021
35671206,6,M,1/25/2021
35671054,3,M,3/11/2021
35672882,2,F,2/25/2021
35671390,7,M,1/16/2021
35671234,4,F,1/25/2021
35671307,1,M,3/5/2021
35671817,1,M,3/8/2021
35672610,2,F,1/13/2021
35671463,1,F,2/26/2021
35672711,6,M,3/6/2021
35671389,1,F,1/19/2021
35672924,2,M,2/26/2021
35672637,3,F,3/12/2021
35672746,1,F,3/27/2021
35672935,5,M,3/1/2021
35672647,3,F,3/15/2021
35671171,2,F,2/9/2021
35672132,1,F,3/7/2021
35672836,3,M,2/13/2021
35671456,3,M,1/31/2021
35671173,6,M,2/6/2021
35672845,1,M,2/16/2021
35671027,2,M,3/11/2021
35672245,3,F,1/26/2021
35671118,5,F,1/11/2021
35672602,9,M,2/26/2021
35672701,1,M,3/8/2021
35671221,2,M,3/7/2021
35672106,1,M,2/5/2021
35672570,5,M,3/5/2021
35671016,6,F,2/19/2021
35670927,4,M,1/23/2021
35672609,1,F,3/5/2021
35673156,1,M,2/27/2021
35670930,2,M,1/9/2021
35671300,3,M,1/18/2021
35672007,6,M,3/27/2021
35671021,7,F,3/8/2021
35671486,8,M,2/3/2021
35671750,3,M,1/7/2021
35671106,3,F,3/12/2021
35671808,6,F,1/30/2021
35671260,3,M,1/13/2021
35673162,2,M,3/21/2021
35672417,3,M,1/16/2021
35671110,6,M,3/4/2021
35672774,2,F,2/20/2021
35671511,5,F,3/24/2021
35671763,1,F,2/17/2021
35671303,1,M,2/4/2021
35672323,9,F,3/1/2021
35671330,1,M,1/28/2021
35672047,2,F,3/9/2021
35671163,1,F,3/11/2021
35671204,3,F,1/2/2021
35672622,3,M,3/15/2021
35671789,7,F,3/4/2021
35671574,2,M,2/17/2021
35672814,5,M,3/3/2021
35672431,3,F,3/15/2021
35670961,9,F,2/9/2021
35672944,2,F,1/10/2021
35671017,7,M,2/26/2021
35672942,2,F,1/25/2021
35672830,6,F,2/3/2021
35671896,3,F,1/13/2021
35672682,1,M,3/9/2021
35672871,1,F,3/26/2021
35671148,3,M,1/12/2021
35671781,4,M,2/12/2021
35673141,8,F,1/12/2021
35671639,1,F,3/3/2021
35670957,1,M,3/8/2021
35672918,7,M,3/11/2021
35671915,1,M,1/6/2021
35671516,1,M,1/15/2021
35672327,8,F,1/24/2021
35671939,1,M,2/24/2021
35673066,3,M,2/3/2021
35671143,1,F,3/12/2021
35672928,4,M,2/1/2021
35671660,7,M,1/13/2021
35671249,5,M,3/6/2021
35672953,2,M,1/2/2021
35671393,5,F,3/24/2021
35671329,1,M,3/26/2021
35673164,1,M,1/29/2021
35671895,2,F,3/12/2021
35673102,1,F,1/7/2021
35672213,3,M,3/5/2021
35672150,8,M,1/18/2021
35671089,2,M,2/2/2021
35671473,4,F,1/23/2021
35672205,2,F,1/28/2021
35671451,8,M,1/30/2021
35671319,1,F,1/28/2021
35671851,4,M,3/9/2021
35671335,1,M,2/19/2021
35670967,3,M,2/11/2021
35672858,9,M,2/4/2021
35671006,3,M,1/30/2021
35671981,4,M,3/6/2021
35671831,1,F,3/14/2021
35670960,1,F,3/15/2021
35672527,4,M,1/30/2021
35671198,1,F,1/2/2021
35671086,1,F,1/26/2021
35672800,8,M,2/14/2021
35671800,1,F,3/6/2021
35671689,2,F,1/6/2021
35671028,5,F,3/11/2021
35672616,1,M,3/11/2021
35672120,3,M,3/2/2021
35671003,8,M,1/3/2021
35672505,7,M,3/6/2021
35671998,3,F,3/15/2021
35671971,7,F,3/1/2021
35672005,2,M,3/14/2021
35672140,6,F,3/9/2021
35672469,6,M,3/14/2021
35672960,6,M,1/8/2021
35671225,4,F,3/14/2021
35672565,1,F,2/23/2021
35671327,8,F,1/18/2021
35672350,7,M,1/19/2021
35670969,2,F,3/5/2021
35670999,1,M,1/6/2021
35671403,3,F,3/3/2021
35673073,7,M,2/15/2021
35671203,1,M,3/13/2021
35672982,4,F,2/22/2021
35672077,2,M,3/26/2021
35672018,1,F,1/9/2021
35671717,3,M,3/7/2021
35672444,3,F,2/13/2021
35671754,4,F,1/31/2021
35671293,3,M,2/9/2021
35671569,6,M,1/12/2021
35671263,2,M,1/8/2021
35671418,1,F,2/1/2021
35672889,1,M,1/13/2021
35672162,3,M,1/5/2021
35671692,2,M,3/11/2021
35671909,3,M,1/11/2021
35671292,1,F,1/4/2021
35672678,5,M,3/13/2021
35672727,8,M,3/26/2021
35671246,1,F,2/10/2021
35671217,2,F,3/14/2021
35671015,6,M,3/5/2021
35671209,1,M,3/13/2021
35671634,2,F,2/22/2021
35670923,7,F,3/30/2021
35672794,5,F,2/3/2021
35672163,1,M,1/1/2021
35672299,3,F,2/15/2021
35672793,1,M,3/15/2021
35672690,8,M,3/22/2021
35672737,1,M,3/4/2021
35673051,9,M,2/16/2021
35672557,6,F,3/19/2021
35672480,1,M,3/13/2021
35671596,9,M,3/12/2021
35671536,4,M,1/22/2021
35672604,3,M,3/8/2021
35671164,1,F,2/26/2021
35673097,6,M,3/28/2021
35672068,5,F,3/14/2021
35671201,9,M,2/2/2021
35672829,2,F,1/7/2021
35671759,2,M,3/3/2021
35672785,1,M,3/15/2021
35672751,2,M,2/4/2021
35672017,3,M,1/24/2021
35671366,7,M,1/28/2021
35672224,1,M,3/17/2021
35671490,9,M,3/8/2021
35672559,5,M,1/26/2021
35672957,1,M,3/10/2021
35671571,2,F,1/22/2021
35673060,1,F,3/4/2021
35671308,1,M,1/12/2021
35671077,2,M,1/15/2021
35671815,2,F,2/5/2021
35671551,4,M,3/20/2021
35671242,5,F,3/8/2021
35672291,1,F,3/12/2021
35672967,9,F,3/14/2021
35672430,2,M,1/28/2021
35672064,2,M,2/11/2021
35672956,2,M,1/21/2021
35671453,1,M,3/13/2021
35671988,7,F,3/28/2021
35670942,8,M,3/11/2021
35672712,2,M,2/2/2021
35671643,1,F,1/8/2021
35673113,1,M,1/14/2021
35673091,3,M,3/19/2021
35672318,8,F,3/10/2021
35671460,1,F,3/7/2021
35671484,1,F,3/18/2021
35671703,2,M,1/2/2021
35671408,1,F,2/2/2021
35672382,6,M,1/21/2021
35671687,2,F,1/6/2021
35671270,2,M,1/11/2021
35672044,9,M,2/28/2021
35670910,1,F,2/11/2021
35671926,1,M,3/15/2021
35672485,1,F,3/7/2021
35672694,9,M,1/12/2021
35672309,3,F,3/18/2021
35671933,2,F,2/4/2021
35672375,5,M,3/29/2021
35672426,7,M,3/9/2021
35671585,1,F,3/1/2021
35672186,3,M,3/28/2021
35671743,2,M,3/14/2021
35671814,2,M,3/10/2021
35672009,4,M,1/4/2021
35671122,8,M,1/26/2021
35672107,5,F,3/1/2021
35672915,1,F,1/23/2021
35671434,1,M,1/15/2021
35672126,5,M,3/11/2021
35671094,1,M,1/22/2021
35671774,1,F,2/24/2021
35672639,6,F,2/27/2021
35670908,1,M,3/14/2021
35672713,3,F,2/3/2021
35671037,2,M,2/10/2021
35672236,5,M,2/4/2021
35671916,1,M,2/27/2021
35671572,9,F,3/7/2021
35671622,1,F,1/26/2021
35671648,9,M,3/16/2021
35671357,3,F,1/20/2021
35671196,3,M,1/5/2021
35671129,1,F,3/3/2021
35670938,7,F,3/4/2021
35671000,5,M,2/6/2021
35672834,1,M,3/23/2021
35671941,7,M,1/7/2021
35672560,6,M,2/8/2021
35672766,2,F,2/23/2021
35672474,9,F,2/9/2021
35672699,6,F,3/9/2021
35672364,8,M,2/27/2021
35671302,3,M,3/6/2021
35672373,2,M,2/26/2021
35671659,9,F,3/10/2021
35672312,9,M,3/10/2021
35672269,1,F,3/2/2021
35672731,8,M,3/13/2021
35672706,9,M,1/30/2021
35671545,9,F,3/15/2021
35672826,3,M,3/2/2021
35670926,3,F,3/9/2021
35671582,9,F,2/14/2021
35672306,2,F,3/27/2021
35672728,7,F,2/7/2021
35671792,4,M,2/15/2021
35671474,2,F,3/25/2021
35673011,7,F,2/26/2021
35671553,2,F,3/11/2021
35672907,2,M,3/20/2021
35672076,8,M,3/5/2021
35671855,2,F,1/19/2021
35671908,1,M,2/11/2021
35673126,5,M,2/23/2021
35672274,7,F,1/22/2021
35671245,7,M,3/18/2021
35671640,2,M,3/5/2021
35673107,6,M,2/27/2021
35670934,2,M,3/20/2021
35672331,7,M,3/12/2021
35671676,9,M,2/13/2021
35672734,3,M,1/30/2021
35672449,1,M,1/15/2021
35671745,1,F,3/12/2021
35671769,1,M,1/18/2021
35672872,1,M,2/2/2021
35672372,3,M,3/12/2021
35672451,1,F,3/24/2021
35671858,3,M,3/4/2021
35673084,2,F,3/14/2021
35672301,1,M,1/29/2021
35672031,1,M,3/30/2021
35672061,8,M,2/24/2021
35670975,9,M,1/30/2021
35671075,3,M,2/28/2021
35672753,7,M,3/29/2021
35672659,2,F,3/14/2021
35672971,1,F,3/8/2021
35672991,2,F,2/8/2021
35671443,3,F,1/26/2021
35671645,2,F,3/28/2021
35672230,1,M,1/17/2021
35670996,4,M,2/5/2021
35673039,2,M,1/28/2021
35671940,1,M,3/15/2021
35672744,4,M,2/19/2021
35671539,9,M,3/13/2021
35671811,1,M,2/17/2021
35672152,1,M,3/3/2021
35673044,6,M,2/12/2021
35670922,4,M,3/15/2021
35671780,2,M,3/12/2021
35672552,9,F,3/26/2021
35671291,2,F,3/11/2021
35671890,1,M,3/13/2021
35672454,1,F,1/8/2021
35672401,1,M,3/1/2021
35670899,8,F,3/10/2021
35672905,3,M,1/29/2021
35671697,5,M,3/13/2021
35673017,4,M,1/30/2021
35671713,4,F,2/5/2021
35672118,5,M,1/26/2021
35671435,2,M,1/31/2021
35671790,2,M,3/12/2021
35671637,4,F,2/22/2021
35670928,3,M,3/5/2021
35672117,6,M,3/1/2021
35671999,3,F,1/27/2021
35673136,2,F,3/6/2021
35670931,7,M,3/24/2021
35672250,3,M,2/2/2021
35672356,9,F,2/2/2021
35671427,8,F,3/20/2021
35672071,2,M,3/14/2021
35672080,1,F,1/14/2021
35672773,2,M,3/11/2021
35671568,2,F,1/1/2021
35671269,1,F,3/6/2021
35671680,8,F,3/5/2021
35671283,6,M,3/11/2021
35672996,1,F,3/30/2021
35671881,3,M,1/8/2021
35670959,4,F,1/9/2021
35672530,6,F,3/3/2021
35673081,5,F,1/29/2021
35672886,2,M,1/5/2021
35671712,5,F,1/23/2021
35672191,7,M,3/1/2021
35672427,2,F,3/6/2021
35672358,2,M,1/21/2021
35671546,6,M,3/18/2021
35671392,5,M,2/25/2021
35672014,2,M,3/20/2021
35671766,2,F,3/6/2021
35672434,1,F,1/3/2021
35672251,4,M,3/24/2021
35671354,1,F,2/23/2021
35672698,4,M,2/3/2021
35671256,2,F,2/11/2021
35672781,1,F,1/13/2021
35671446,1,F,3/2/2021
35672600,1,F,3/14/2021
35671321,8,F,2/8/2021
35672554,5,F,1/6/2021
35672277,4,M,2/9/2021
35672686,1,F,2/1/2021
35671312,3,M,2/15/2021
35672091,5,F,2/8/2021
35672398,2,M,3/2/2021
35672934,7,F,3/1/2021
35671963,1,F,3/2/2021
35671014,4,M,1/2/2021
35672887,6,M,2/26/2021
35671432,7,F,2/21/2021
35671295,7,F,2/15/2021
35671958,2,M,3/15/2021
35671502,3,M,3/25/2021
35671604,1,F,3/12/2021
35673115,9,M,2/7/2021
35671128,6,F,1/8/2021
35671012,3,F,1/13/2021
35673030,7,M,3/4/2021
35673098,2,F,3/11/2021
35672046,9,M,3/7/2021
35671974,1,M,2/19/2021
35672685,1,F,3/30/2021
35671864,2,F,2/17/2021
35671211,1,M,1/23/2021
35672752,1,F,2/3/2021
35672663,6,M,3/13/2021
35672758,1,F,1/19/2021
35672888,5,M,1/11/2021
35671019,5,M,2/14/2021
35671331,1,F,2/24/2021
35671423,8,M,1/17/2021
35672983,1,F,3/1/2021
35671281,3,F,2/11/2021
35671925,5,M,2/3/2021
35671699,4,F,3/22/2021
35673032,2,M,1/11/2021
35671579,1,M,3/4/2021
35673059,1,M,2/27/2021
35671066,1,F,1/8/2021
35671688,6,M,3/15/2021
35672253,3,M,1/1/2021
35673112,7,M,1/21/2021
35671367,7,F,1/26/2021
35673149,4,M,3/19/2021
35673077,2,F,3/14/2021
35672619,1,F,3/5/2021
35672122,1,F,1/29/2021
35672335,3,F,1/7/2021
35671185,7,M,2/12/2021
35672351,1,F,1/6/2021
35671828,2,M,1/23/2021
35672833,4,M,1/22/2021
35672581,3,F,3/11/2021
35673013,1,F,1/11/2021
35673118,6,F,2/15/2021
35672526,1,M,3/3/2021
35671088,3,M,1/6/2021
35671955,1,F,1/15/2021
35671747,1,F,1/6/2021
35672574,2,M,1/26/2021
35673038,1,F,2/8/2021
35672321,6,F,3/9/2021
35671674,4,F,3/18/2021
35672487,6,F,3/2/2021
35673151,7,M,2/9/2021
35672074,7,F,1/22/2021
35671149,8,F,2/13/2021
35672440,2,M,3/14/2021
35671236,2,F,2/24/2021
35672739,9,M,3/3/2021
35672097,5,F,1/24/2021
35670977,4,M,1/13/2021
35671401,2,M,2/1/2021
35672411,2,M,1/6/2021
35672219,1,F,2/9/2021
35673130,4,F,2/22/2021
35671857,4,M,3/12/2021
35672892,1,M,3/17/2021
35671887,3,M,3/6/2021
35671424,2,F,1/23/2021
35672638,9,M,1/26/2021
35671706,5,M,2/22/2021
35671360,1,M,3/15/2021
35670932,2,M,3/19/2021
35671063,4,F,3/5/2021
35671230,8,M,1/16/2021
35671343,1,F,3/9/2021
35672141,2,F,3/9/2021
35672959,5,M,3/7/2021
35672735,1,M,3/6/2021
35672272,1,M,1/22/2021
35671338,2,F,1/31/2021
35671092,2,M,1/18/2021
35672317,1,F,3/21/2021
35672121,1,F,1/7/2021
35671912,1,M,2/14/2021
35672256,2,M,1/2/2021
35672008,2,M,3/8/2021
35672965,5,M,2/17/2021
35671867,2,M,2/2/2021
35671259,6,F,1/19/2021
35671904,8,M,3/13/2021
35672171,3,M,3/7/2021
35671913,7,M,3/12/2021
35673094,2,F,3/24/2021
35671918,3,M,3/9/2021
35671429,1,F,3/18/2021
35671856,5,M,3/6/2021
35672423,6,F,2/18/2021
35671026,2,M,1/16/2021
35672133,6,F,1/12/2021
35672932,9,F,2/1/2021
35671860,1,M,1/21/2021
35671725,7,M,2/21/2021
35672799,7,M,3/7/2021
35672687,2,M,3/15/2021
35672246,6,M,3/15/2021
35671849,2,M,3/23/2021
35672355,1,M,1/8/2021
35670997,3,M,3/5/2021
35671449,2,F,1/10/2021
35672705,2,M,2/3/2021
35671785,1,M,1/23/2021
35671361,1,M,1/24/2021
35671137,1,F,1/12/2021
35672837,2,F,2/7/2021
35672866,2,M,3/30/2021
35672831,5,M,3/2/2021
35672594,3,M,2/14/2021
35670941,2,M,3/18/2021
35672775,1,M,3/19/2021
35673143,2,F,1/19/2021
35671755,2,M,3/14/2021
35671422,2,F,2/13/2021
35671636,8,F,3/10/2021
35672805,1,M,2/6/2021
35671489,2,M,2/4/2021
35671090,1,M,3/9/2021
35670918,6,F,3/7/2021
35673054,3,M,3/4/2021
35672680,3,M,1/3/2021
35671065,2,M,3/7/2021
35671254,6,F,3/3/2021
35672912,3,F,3/10/2021
35671845,1,M,3/23/2021
35671105,8,M,2/27/2021
35672947,1,M,1/10/2021
35671892,2,F,2/20/2021
35672921,4,M,3/11/2021
35671475,1,M,1/4/2021
35672418,2,M,3/27/2021
35672400,4,F,1/31/2021
35673023,2,M,3/22/2021
35672279,1,M,2/18/2021
35672558,4,F,2/18/2021
35671101,5,M,1/22/2021
35671593,1,F,3/2/2021
35671497,4,M,1/18/2021
35672025,1,M,3/28/2021
35672617,5,F,2/27/2021
35671280,1,F,3/5/2021
35671735,4,F,3/11/2021
35672374,2,M,2/1/2021
35670946,2,M,3/12/2021
35671950,1,F,3/9/2021
35671430,1,F,2/16/2021
35671931,5,M,3/22/2021
35673082,8,M,3/22/2021
35672634,2,F,1/30/2021
35671372,2,F,3/8/2021
35672363,3,F,3/3/2021
35671665,5,M,2/13/2021
35671277,1,F,1/23/2021
35672056,2,M,3/3/2021
35671342,1,M,3/4/2021
35670940,6,M,3/10/2021
35672592,3,F,1/14/2021
35671031,5,M,1/22/2021
35672691,2,M,2/9/2021
35673135,1,M,1/5/2021
35671989,4,M,3/15/2021
35673160,1,M,2/6/2021
35672591,3,M,2/2/2021
35672832,2,M,2/9/2021
35672143,6,F,2/17/2021
35672059,1,M,1/24/2021
35672972,1,M,2/23/2021
35672696,1,M,3/10/2021
35672472,3,M,3/10/2021
35673076,2,M,2/17/2021
35671363,1,M,1/24/2021
35672201,5,M,3/12/2021
35670929,1,F,3/15/2021
35670900,5,M,2/6/2021
35671102,2,F,3/10/2021
35671478,2,M,3/10/2021
35671135,8,F,3/9/2021
35672868,1,M,2/24/2021
35671445,2,M,3/1/2021
35671347,7,F,3/8/2021
35670948,5,M,1/8/2021
35671038,1,F,2/23/2021
35673110,3,F,1/13/2021
35671786,1,F,1/12/2021
35670904,9,F,1/17/2021
35672475,4,F,3/25/2021
35672243,4,M,2/1/2021
35673034,3,F,3/29/2021
35672993,1,M,3/3/2021
35672518,1,F,2/14/2021
35671334,6,M,3/22/2021
35671695,2,M,3/5/2021
35671310,4,M,3/6/2021
35672961,1,F,3/15/2021
35671218,6,F,1/8/2021
35672601,1,M,3/13/2021
35671533,1,M,3/10/2021
35671127,3,F,3/25/2021
35672222,1,F,2/4/2021
35673000,3,F,1/12/2021
35671033,2,M,3/11/2021
35672226,5,F,1/27/2021
35670966,2,M,1/1/2021
35671152,8,M,1/2/2021
35673139,8,F,3/3/2021
35671672,3,F,2/16/2021
35671273,3,M,3/19/2021
35671314,8,F,2/9/2021
35671139,3,M,1/11/2021
35673061,4,M,3/5/2021
35671415,1,F,3/1/2021
35672212,2,F,3/26/2021
35671036,9,F,3/23/2021
35671666,2,F,3/12/2021
35672588,4,M,1/4/2021
35671827,7,M,2/28/2021
35671987,8,M,1/27/2021
35672847,6,M,3/14/2021
35672347,4,M,3/2/2021
35671081,1,M,3/12/2021
35672630,1,F,3/6/2021
35672509,2,M,1/3/2021
35671227,3,M,3/6/2021
35671935,1,M,3/3/2021
35671131,8,F,1/31/2021
35672716,1,M,1/9/2021
35671022,5,M,3/5/2021
35671548,1,F,3/9/2021
35671244,3,F,1/4/2021
35672115,1,F,2/5/2021
35672796,3,F,2/20/2021
35672532,2,M,3/3/2021
35672385,6,F,3/4/2021
35672060,6,F,3/10/2021
35672954,6,M,2/27/2021
35671748,1,M,1/1/2021
35672761,8,M,3/11/2021
35672903,5,M,1/19/2021
35671893,2,M,1/18/2021
35672865,7,F,1/13/2021
35672252,2,F,2/23/2021
35671694,1,F,2/13/2021
35671953,3,F,2/12/2021
35672536,9,M,3/14/2021
35671799,7,M,3/22/2021
35672811,1,M,3/10/2021
35671228,1,M,2/13/2021
35671842,4,M,2/10/2021
35672332,7,M,3/30/2021
35672668,2,M,3/8/2021
35672528,6,F,3/15/2021
35672292,1,M,3/30/2021
35671337,4,M,3/4/2021
35671368,8,M,3/4/2021
35671834,1,M,3/8/2021
35672791,4,F,3/13/2021
35671591,4,M,1/10/2021
35671388,3,M,3/2/2021
35671607,7,F,3/13/2021
35672859,1,M,3/2/2021
35672161,2,F,1/7/2021
35671749,8,M,1/25/2021
35672183,1,F,3/7/2021
35671544,8,M,3/22/2021
35671631,2,F,2/3/2021
35671726,2,M,3/22/2021
35671730,8,M,1/3/2021
35671744,1,M,3/6/2021
35671113,3,M,1/15/2021
35672225,3,F,3/25/2021
35672471,6,M,3/14/2021
35672185,5,M,2/21/2021
35671967,1,M,3/8/2021
35672561,8,F,3/7/2021
35671812,8,M,3/13/2021
35672548,1,M,2/6/2021
35672893,4,F,3/19/2021
35672550,1,M,3/30/2021
35672598,1,F,3/5/2021
35671983,6,M,2/8/2021
35673067,5,M,3/10/2021
35672438,1,F,3/6/2021
35672608,4,F,3/6/2021
35671351,4,M,1/10/2021
35671413,1,F,3/6/2021
35672899,5,M,3/15/2021
35672816,2,F,3/2/2021
35671395,1,M,3/7/2021
35671340,5,M,3/26/2021
35671911,3,M,3/15/2021
35672917,4,M,1/27/2021
35672801,6,M,2/18/2021
35672229,2,M,2/22/2021
35673152,1,F,2/24/2021
35672208,3,M,3/13/2021
35672725,2,M,1/5/2021
35671613,8,F,1/25/2021
35672572,1,M,2/15/2021
35672442,7,M,1/28/2021
35672980,5,M,2/1/2021
35671651,1,F,3/6/2021
35672788,6,F,3/11/2021
35671819,1,M,3/25/2021
35672920,5,F,1/25/2021
35671243,4,M,3/11/2021
35672579,1,F,3/4/2021
35671906,1,M,2/23/2021
35671215,7,M,1/9/2021
35672848,1,F,3/9/2021
35672083,1,M,3/4/2021
35671439,9,M,2/22/2021
35671878,1,F,1/14/2021
35671076,2,M,3/11/2021
35673105,9,F,3/11/2021
35671304,2,F,1/8/2021
35672973,1,F,3/17/2021
35672658,7,F,2/20/2021
35672881,2,F,3/6/2021
35671903,2,M,1/24/2021
35672490,6,M,3/4/2021
35671943,5,M,2/25/2021
35671181,1,F,3/26/2021
35672235,9,M,3/10/2021
35670944,9,F,3/13/2021
35671157,5,M,3/29/2021
35671802,1,F,3/9/2021
35670954,2,M,1/10/2021
35671679,7,M,3/23/2021
35671339,8,M,2/12/2021
35671381,8,M,2/8/2021
35672736,1,M,3/1/2021
35673015,2,M,2/7/2021
35672218,5,F,1/13/2021
35671670,4,F,3/9/2021
35671057,2,M,3/6/2021
35671997,2,F,2/27/2021
35672038,5,F,1/2/2021
35671854,2,M,2/8/2021
35672151,1,F,3/5/2021
35672093,9,F,3/2/2021
35671323,2,M,2/18/2021
35672779,3,F,2/27/2021
35672437,1,F,2/21/2021
35671289,7,M,3/23/2021
35672525,4,M,3/14/2021
35672599,1,F,2/22/2021
35671002,5,F,3/4/2021
35672827,1,M,3/20/2021
35671673,1,F,1/21/2021
35672211,8,M,3/13/2021
35671575,9,M,3/8/2021
35672962,2,M,1/31/2021
35672456,8,F,3/5/2021
35672523,1,M,2/8/2021
35671050,4,M,3/7/2021
35672717,2,M,3/15/2021
35672936,2,M,3/4/2021
35671671,2,F,3/9/2021
35670912,7,M,3/18/2021
35671045,3,M,1/4/2021
35671125,1,M,3/15/2021
35671565,5,F,3/28/2021
35671120,2,F,3/26/2021
35672273,3,M,2/3/2021
35672176,1,F,2/13/2021
35672352,1,M,3/16/2021
35671863,8,M,3/14/2021
35671599,1,F,3/2/2021
35671459,6,M,2/10/2021
35671840,6,M,3/10/2021
35672180,1,M,3/28/2021
35672512,2,F,2/7/2021
35671466,1,M,1/9/2021
35672670,6,M,3/4/2021
35671011,6,F,1/9/2021
35671767,4,M,2/14/2021
35671646,5,M,1/1/2021
35673004,1,M,3/14/2021
35671526,3,M,2/19/2021
35671959,6,M,3/25/2021
35671949,7,F,3/1/2021
35672428,1,M,2/6/2021
35672200,7,F,1/15/2021
35673018,8,M,3/24/2021
35671587,1,M,3/11/2021
35673056,5,M,2/17/2021
35672360,4,M,3/15/2021
35672266,4,M,1/19/2021
35672041,4,M,3/4/2021
35672681,8,F,2/7/2021
35671487,4,M,2/24/2021
35672173,8,F,1/15/2021
35671597,1,M,2/25/2021
35673127,5,M,3/6/2021
35671512,1,F,1/6/2021
35672880,1,M,3/4/2021
35670982,1,M,1/23/2021
35672210,1,F,2/23/2021
35670945,6,M,2/14/2021
35670964,2,F,2/21/2021
35671700,2,M,1/26/2021
35672535,1,F,1/20/2021
35671440,2,M,1/1/2021
35672556,1,M,1/9/2021
35672134,4,F,2/20/2021
35671701,6,M,3/1/2021
35672661,2,F,1/5/2021
35671973,1,F,2/13/2021
35672540,6,F,1/20/2021
35672539,1,M,1/10/2021
35671455,3,F,1/20/2021
35672615,8,M,1/20/2021
35671578,1,M,1/31/2021
35672090,8,F,3/11/2021
35671825,4,F,2/13/2021
35672852,9,M,3/6/2021
35672586,6,F,1/23/2021
35673028,1,M,2/12/2021
35671100,7,M,3/4/2021
35673099,4,F,3/10/2021
35671970,1,F,3/23/2021
35671734,4,M,2/4/2021
35673068,1,M,3/7/2021
35672050,7,M,2/5/2021
35671444,7,F,3/27/2021
35671874,1,M,1/4/2021
35672939,7,M,1/4/2021
35671685,1,F,1/31/2021
35671563,1,M,2/7/2021
35671836,7,F,3/4/2021
35671778,1,F,3/10/2021
35672672,1,M,2/19/2021
35672138,8,F,1/3/2021
35670936,4,F,3/22/2021
35672502,1,F,2/26/2021
35672564,2,M,2/15/2021
35671138,3,M,1/22/2021
35671166,3,M,1/12/2021
35671457,4,M,2/26/2021
35671521,1,F,3/9/2021
35672419,1,M,3/28/2021
35672925,7,F,1/16/2021
35672895,7,M,1/8/2021
35672817,5,M,3/10/2021
35671547,9,M,1/6/2021
35671932,9,M,3/24/2021
35671990,2,F,2/6/2021
35671804,3,M,1/20/2021
35672855,3,F,3/17/2021
35672242,4,F,1/2/2021
35673146,6,M,1/2/2021
35671942,9,F,1/20/2021
35671870,6,M,3/10/2021
35672105,1,M,2/12/2021
35672577,1,M,1/9/2021
35672650,6,F,3/20/2021
35672326,1,F,3/25/2021
35672187,2,M,3/20/2021
35672789,5,F,3/12/2021
35671813,3,F,3/5/2021
35671231,2,F,3/12/2021
35672718,4,M,1/20/2021
35671004,3,F,2/16/2021
35671332,4,M,1/27/2021
35672902,1,M,2/23/2021
35670972,1,F,2/10/2021
35671043,1,F,1/22/2021
35672626,8,M,1/15/2021
35672571,5,F,3/3/2021
35671567,2,F,3/6/2021
35672020,2,M,2/27/2021
35672408,2,F,1/26/2021
35673037,1,F,2/11/2021
35671438,6,F,2/20/2021
35672508,6,F,3/27/2021
35671252,9,F,3/11/2021
35672131,4,F,2/5/2021
35672406,8,M,3/10/2021
35672901,7,F,2/26/2021
35673109,2,M,2/27/2021
35672476,5,M,3/12/2021
35670916,5,M,3/11/2021
35671186,1,F,3/7/2021
35671235,1,F,1/27/2021
35671600,1,M,1/11/2021
35672421,1,F,2/19/2021
35672786,2,M,3/15/2021
35671431,2,M,3/7/2021
35671869,4,F,2/23/2021
35673088,1,F,1/27/2021
35672970,6,M,3/7/2021
35672271,8,F,3/12/2021
35671838,6,M,1/27/2021
35671630,3,F,3/30/2021
35671852,2,F,2/1/2021
35671534,9,M,1/20/2021
35670911,2,F,2/9/2021
35671830,1,F,3/26/2021
35672879,1,M,3/10/2021
35671275,1,M,2/14/2021
35671829,5,M,1/1/2021
35671239,2,M,3/4/2021
35672013,9,F,2/23/2021
35672510,2,M,3/14/2021
35671992,1,F,3/2/2021
35672595,2,F,3/14/2021
35671509,5,M,3/5/2021
35672623,2,M,3/11/2021
35671377,1,M,1/7/2021
35671154,4,M,3/26/2021
35670892,1,M,3/12/2021
35671080,2,M,3/12/2021
35671093,1,F,3/13/2021
35673125,9,M,3/7/2021
35671584,5,M,2/27/2021
35671995,5,M,2/21/2021
35670898,8,M,3/10/2021
35671311,9,F,3/13/2021
35670906,1,M,3/23/2021
35672908,5,F,1/14/2021
35672943,2,M,1/28/2021
35672648,6,F,1/5/2021
35673041,1,F,3/24/2021
35673123,3,F,2/18/2021
35671047,6,M,1/28/2021
35672697,2,M,1/15/2021
35671255,2,M,3/4/2021
35670913,2,M,2/18/2021
35673057,1,F,3/29/2021
35673093,2,M,1/17/2021
35671859,7,M,3/2/2021
35671661,7,F,3/6/2021
35671609,7,F,1/1/2021
35671984,7,F,3/11/2021
35672968,7,M,1/23/2021
35671865,3,M,1/6/2021
35672780,2,M,3/11/2021
35671506,1,F,3/1/2021
35671189,5,M,3/7/2021
35672099,2,F,1/10/2021
35672354,3,M,3/6/2021
35670939,4,M,2/20/2021
35672841,3,F,1/2/2021
35671886,2,F,1/26/2021
35671268,2,F,1/19/2021
35671901,7,M,1/16/2021
35671305,1,F,2/24/2021
35671784,2,F,1/17/2021
35672695,1,F,3/3/2021
35672952,9,F,3/5/2021
35672096,3,F,3/14/2021
35672514,6,M,3/1/2021
35671985,1,M,3/24/2021
35672715,1,M,3/14/2021
35672135,2,M,3/10/2021
35672778,3,F,1/14/2021
35672233,1,F,1/9/2021
35671448,1,M,2/3/2021
35671529,9,M,3/17/2021
35672756,1,M,2/16/2021
35671882,8,F,3/11/2021
35672033,7,F,3/12/2021
35672985,2,F,1/28/2021
35672708,5,M,1/29/2021
35671069,4,F,3/11/2021
35671328,9,F,1/29/2021
35672978,4,M,2/15/2021
35671776,2,F,1/15/2021
35672764,3,M,1/30/2021
35671188,3,M,3/18/2021
35672012,8,M,2/26/2021
35672328,6,M,3/6/2021
35673062,7,F,2/5/2021
35671035,1,M,2/23/2021
35672241,1,F,2/10/2021
35671523,9,F,1/3/2021
35671044,7,F,3/22/2021
35672102,9,F,2/7/2021
35672914,5,M,1/4/2021
35672362,5,M,1/19/2021
35671322,2,M,2/14/2021
35671060,1,M,3/3/2021
35672590,1,M,3/11/2021
35671923,6,F,1/9/2021
35672137,1,M,2/18/2021
35671099,1,F,3/30/2021
35672101,2,M,2/20/2021
35672294,8,M,2/12/2021
35671168,6,M,3/4/2021
35671897,2,M,3/4/2021
35672345,1,M,3/3/2021
35671144,8,F,1/15/2021
35671833,1,F,3/10/2021
35672048,1,F,2/7/2021
35671241,8,F,2/14/2021
35672063,6,M,3/1/2021
35672790,5,M,2/8/2021
35671286,4,F,1/29/2021
35670978,2,F,3/7/2021
35671847,3,M,3/11/2021
35672844,4,M,1/29/2021
35672453,4,F,3/5/2021
35672807,2,M,3/6/2021
35671213,1,F,2/22/2021
35671134,3,F,3/29/2021
35671041,4,M,1/20/2021
35671061,5,F,2/11/2021
35672948,9,M,3/10/2021
35670917,5,M,3/3/2021
35671876,2,F,1/7/2021
35672082,4,M,3/29/2021
35672262,5,M,3/4/2021
35672182,1,F,2/4/2021
35670894,1,M,2/16/2021
35672366,5,M,1/28/2021
35672546,1,M,1/9/2021
35671253,2,F,3/11/2021
35671884,2,F,3/3/2021
35671008,2,F,2/8/2021
35672812,4,M,2/10/2021
35671824,5,F,3/13/2021
35672606,5,F,2/5/2021
35671962,8,M,2/2/2021
35670943,3,M,2/6/2021
35671756,2,M,2/26/2021
35672553,2,M,3/12/2021
35672636,4,M,1/27/2021
35671461,3,M,1/12/2021
35673095,2,M,3/6/2021
35671946,1,F,1/22/2021
35671690,5,F,3/26/2021
35671779,1,F,1/1/2021
35672507,2,M,3/11/2021
35672370,1,M,2/27/2021
35672521,1,M,3/5/2021
35670988,8,M,3/12/2021
35673002,5,M,3/18/2021
35671818,7,F,3/26/2021
35671482,5,F,3/10/2021
35671344,9,M,1/31/2021
35671891,2,F,1/17/2021
35672585,5,M,3/1/2021
35670951,7,F,2/24/2021
35671040,2,M,1/7/2021
35671112,6,M,3/12/2021
35672085,1,M,3/5/2021
35672484,2,F,3/5/2021
35672258,9,M,2/20/2021
35672067,1,M,3/12/2021
35671991,1,M,2/1/2021
35672771,1,M,1/21/2021
35671576,5,M,1/20/2021
35671324,3,M,3/10/2021
35672223,6,M,1/28/2021
35671657,3,M,2/15/2021
35671889,1,M,3/14/2021
35670970,1,F,3/15/2021
35672479,2,M,2/17/2021
35671684,5,M,3/26/2021
35672404,1,M,3/20/2021
35672496,1,F,1/21/2021
35672432,6,F,3/8/2021
35671791,1,F,3/24/2021
35670968,2,M,2/18/2021
35673014,6,F,3/28/2021
35672664,3,M,1/3/2021
35673145,7,F,3/23/2021
35671647,1,M,2/20/2021
35670909,1,M,1/23/2021
35671798,5,F,1/24/2021
35672450,2,F,2/26/2021
35671770,6,F,2/18/2021
35672974,7,M,3/9/2021
35671298,8,F,2/14/2021
35672955,6,F,1/1/2021
35671832,1,F,1/25/2021
35671801,1,M,3/11/2021
35672655,1,F,1/14/2021
35672803,3,M,1/29/2021
35671617,8,M,1/21/2021
35672433,6,F,1/23/2021
35671009,2,M,3/17/2021
35672311,1,F,3/6/2021
35672324,2,M,3/23/2021
35672770,2,M,2/12/2021
35671248,2,M,1/1/2021
35671320,8,F,1/21/2021
35672867,3,M,1/24/2021
35671177,2,F,3/8/2021
35672651,1,F,3/29/2021
35672396,9,M,3/3/2021
35672724,1,M,1/3/2021
35672875,3,F,3/19/2021
35671707,1,M,3/5/2021
35671531,2,F,2/13/2021
35671046,2,M,1/5/2021
35673047,7,M,3/9/2021
35671485,3,M,2/18/2021
35671276,4,M,1/9/2021
35672470,3,M,3/1/2021
35672259,5,F,2/23/2021
35672065,2,M,1/29/2021
35672369,3,M,3/6/2021
35672104,7,F,1/7/2021
35671562,1,M,2/4/2021
35672305,9,M,2/20/2021
35671238,1,F,1/14/2021
35673080,1,M,3/5/2021
35672381,6,M,1/23/2021
35671898,2,F,3/18/2021
35672633,2,F,2/9/2021
35672439,3,M,1/30/2021
35672111,7,F,3/11/2021
35672482,3,F,3/5/2021
35671155,7,M,3/3/2021
35672000,5,M,3/1/2021
35670958,1,M,1/11/2021
35671202,6,M,3/15/2021
35672938,2,F,1/10/2021
35670947,6,F,3/18/2021
35671980,8,M,3/15/2021
35672397,3,F,2/15/2021
35673129,3,M,1/25/2021
35671592,8,M,3/14/2021
35672576,4,M,3/7/2021
35672869,6,F,2/28/2021
35671691,1,F,3/27/2021
35673092,8,F,2/9/2021
35671315,1,M,3/20/2021
35671020,7,M,3/14/2021
35672999,1,F,3/11/2021
35671362,2,F,3/3/2021
35672172,1,M,2/5/2021
35670907,6,F,3/7/2021
35671810,8,M,3/21/2021
35672677,9,M,2/16/2021
35673001,4,F,2/23/2021
35672501,1,F,3/4/2021
35672547,4,F,3/8/2021
35671753,2,M,3/1/2021
35672589,1,M,3/26/2021
35671374,2,F,2/10/2021
35671140,2,M,3/10/2021
35672750,4,F,3/14/2021
35671420,9,F,2/13/2021
35671207,9,M,1/14/2021
35672760,8,M,3/9/2021
35671109,2,M,3/6/2021
35671402,4,M,2/27/2021
35672537,5,F,1/23/2021
35671564,8,M,2/27/2021
35671742,1,F,2/4/2021
35671883,5,F,3/4/2021
35671566,4,F,3/1/2021
35672486,1,M,3/7/2021
35672415,2,F,3/10/2021
35672627,4,F,2/13/2021
35671396,4,M,3/9/2021
35671619,1,M,2/1/2021
35671669,8,M,3/23/2021
35672839,3,M,2/9/2021
35671172,1,M,1/2/2021
35671628,5,F,3/6/2021
35672130,1,M,1/1/2021
35673147,2,F,3/2/2021
35672238,3,M,1/19/2021
35672207,4,F,3/3/2021
35672367,1,F,2/3/2021
35670896,2,F,2/1/2021
35671589,5,M,3/7/2021
35672337,1,M,3/28/2021
35671104,5,M,3/5/2021
35672824,1,F,3/1/2021
35672285,3,M,1/20/2021
35672499,7,F,3/22/2021
35671615,1,M,1/4/2021
35671119,1,F,2/28/2021
35672906,3,F,1/25/2021
35671013,2,F,2/7/2021
35672910,2,M,2/22/2021
35671632,4,F,2/4/2021
35671861,6,F,3/7/2021
35672463,8,F,3/26/2021
35670915,2,F,3/13/2021
35672447,2,F,2/26/2021
35672169,1,M,1/11/2021
35671007,2,M,1/28/2021
35672254,9,F,1/13/2021
35671727,1,F,3/5/2021
35671159,2,M,3/14/2021
35671649,4,M,2/18/2021
35671736,4,M,3/12/2021
35671524,7,F,3/3/2021
35671294,4,F,2/3/2021
35672034,5,M,1/10/2021
35671409,2,M,2/19/2021
35671668,1,M,3/5/2021
35672861,6,M,3/4/2021
35672923,8,F,3/21/2021
35671862,1,F,3/17/2021
35672533,4,M,3/2/2021
35673140,5,M,2/6/2021
35671108,1,F,3/1/2021
35672042,2,F,2/7/2021
35672399,6,F,2/22/2021
35671900,2,M,3/1/2021
35672280,2,M,3/29/2021
35671425,2,M,3/14/2021
35671064,9,M,3/12/2021
35672990,1,F,3/14/2021
35670981,1,F,3/30/2021
35672828,2,F,1/25/2021
35672265,9,M,3/8/2021
35672981,1,M,3/6/2021
35672089,9,F,1/2/2021
35671820,4,F,2/10/2021
35671653,2,F,1/31/2021
35672642,7,F,3/14/2021
35672403,1,F,3/9/2021
35672462,2,F,3/11/2021
35672247,4,F,1/5/2021
35671683,1,F,1/24/2021
35671462,7,F,3/2/2021
35671436,8,M,1/3/2021
35671788,5,F,1/27/2021
35671483,1,M,2/1/2021
35672913,5,M,2/6/2021
35671051,1,F,3/12/2021
35673117,4,M,3/5/2021
35671318,2,M,3/2/2021
35672667,2,F,2/28/2021
35672455,4,M,1/10/2021
35672231,5,M,1/13/2021
35671142,7,M,3/5/2021
35673154,8,F,3/4/2021
35672178,4,M,3/15/2021
35671301,2,M,1/22/2021
35671068,1,M,1/4/2021
35673012,2,F,3/8/2021
35673159,5,F,2/12/2021
35670953,4,F,2/21/2021
35672181,1,M,1/29/2021
35673024,1,F,1/3/2021
35671618,4,F,1/3/2021
35671458,5,F,3/8/2021
35672580,1,F,3/13/2021
35671936,7,F,3/11/2021
35672357,2,F,2/9/2021
35671515,3,M,1/12/2021
35671010,2,M,2/20/2021
35671522,8,M,3/8/2021
35672281,2,F,3/19/2021
35671608,3,M,2/13/2021
35671602,4,F,1/6/2021
35672922,2,F,2/1/2021
35672465,5,M,3/3/2021
35672644,9,F,1/22/2021
35672075,7,M,3/30/2021
35671518,9,M,1/6/2021
35671433,3,M,3/29/2021
35671731,6,M,3/10/2021
35672643,8,M,3/15/2021
35671096,9,F,2/15/2021
35672929,5,F,1/19/2021
35671352,4,F,2/28/2021
35673033,3,M,1/21/2021
35671928,5,F,3/7/2021
35672197,2,M,2/25/2021
35670891,6,F,3/10/2021
35672657,4,M,3/29/2021
35673025,6,M,3/16/2021
35671716,8,F,3/2/2021
35670963,1,F,2/28/2021
35671542,3,F,3/9/2021
35671417,5,F,2/16/2021
35671233,5,M,3/6/2021
35672188,2,M,3/25/2021
35673087,6,F,2/8/2021
35671156,1,M,2/14/2021
35671469,6,F,2/1/2021
35672378,3,M,1/18/2021
35671729,7,F,3/6/2021
35671375,2,M,3/28/2021
35672410,6,F,2/2/2021
35672203,2,M,3/3/2021
35671972,8,F,3/13/2021
35671240,1,F,3/3/2021
35672919,1,M,3/29/2021
35672260,5,M,2/9/2021
35671710,1,M,2/13/2021
35671262,4,M,2/10/2021
35671741,6,F,3/13/2021
35673157,3,M,3/1/2021
35671224,8,M,1/12/2021
35671944,1,F,3/28/2021
35671379,1,F,3/1/2021
35672296,7,F,3/7/2021
35672542,1,F,3/13/2021
35672062,1,M,3/7/2021
35671733,5,M,3/12/2021
35672166,8,M,3/17/2021
35670980,6,M,2/11/2021
35672897,1,F,2/22/2021
35671875,5,F,1/11/2021
35672862,1,M,3/3/2021
35671583,1,F,2/18/2021
35671216,8,M,3/25/2021
35671504,1,F,1/30/2021
35672849,7,M,3/11/2021
35672284,2,M,2/10/2021
35671654,1,M,2/20/2021
35672216,1,M,3/15/2021
35672147,1,M,3/1/2021
35672464,1,M,3/10/2021
35671527,7,M,1/2/2021
35671477,3,F,3/30/2021
35672797,2,M,1/24/2021
35671929,4,F,1/28/2021
35673144,5,F,1/7/2021
35672850,1,F,3/12/2021
35671398,1,F,2/21/2021
35671920,8,M,3/6/2021
35672073,1,M,2/13/2021
35672010,2,M,3/6/2021
35671807,1,M,3/12/2021
35672656,7,M,3/2/2021
35673050,6,F,3/3/2021
35673009,1,F,2/24/2021
35672813,8,F,2/4/2021
35671826,7,F,2/28/2021
35672157,1,F,1/26/2021
35672110,5,F,3/6/2021
35672494,1,F,1/5/2021
35671285,2,M,3/13/2021
35671404,3,M,1/6/2021
35672195,2,M,3/13/2021
35672051,2,M,2/8/2021
35671492,6,F,3/2/2021
35671677,9,M,3/10/2021
35672749,3,M,1/5/2021
35672045,1,F,1/29/2021
35672297,3,F,1/2/2021
35672488,2,M,1/18/2021
35672998,1,F,3/14/2021
35671356,1,F,3/8/2021
35671359,1,F,1/30/2021
35671271,3,M,3/7/2021
35671073,2,M,1/2/2021
35671170,1,F,3/5/2021
35670986,1,F,2/27/2021
35672457,2,F,1/8/2021
35671853,3,F,1/21/2021
35670962,3,M,3/13/2021
35672112,4,F,3/9/2021
35672405,2,M,1/7/2021
35672802,6,F,3/7/2021
35670955,4,M,2/15/2021
35671793,1,M,2/15/2021
35673007,6,F,3/7/2021
35672248,1,M,1/5/2021
35671520,3,M,3/23/2021
35670921,5,M,3/2/2021
35671350,1,F,3/5/2021
35671382,3,F,2/5/2021
35671052,2,F,1/6/2021
35672477,1,M,3/3/2021
35672894,7,F,2/10/2021
35672909,1,M,3/24/2021
35671751,1,M,2/18/2021
35671964,1,F,2/25/2021
35671095,4,F,1/20/2021
35671479,6,F,1/27/2021
35673134,2,M,2/23/2021
35671768,1,F,1/31/2021
35673071,2,M,1/2/2021
35672459,3,M,1/19/2021
35671822,5,M,2/14/2021
35672808,4,F,3/13/2021
35672319,2,M,3/9/2021
35671481,6,F,3/11/2021
35672310,1,F,3/7/2021
35672165,2,F,3/6/2021
35671590,1,F,3/26/2021
35671223,1,M,1/29/2021
35672524,6,F,3/3/2021
35672927,2,F,2/28/2021
35673132,6,F,1/5/2021
35672395,8,F,2/3/2021
35672221,1,F,3/23/2021
35672511,7,M,2/28/2021
35671740,2,M,2/13/2021
35673042,5,F,3/25/2021
35671573,3,M,2/12/2021
35672884,3,M,1/16/2021
35672613,7,M,3/12/2021
35671803,1,M,1/25/2021
35673031,9,M,3/7/2021
35671378,8,M,3/13/2021
35673155,6,F,3/6/2021
35672196,3,M,2/6/2021
35671326,9,F,2/16/2021
35671709,8,F,3/7/2021
35671965,3,M,2/26/2021
35672308,1,F,3/1/2021
35672516,6,M,1/21/2021
35672719,8,M,1/31/2021
35672361,8,M,3/12/2021
35672049,5,F,1/24/2021
35672573,2,M,1/18/2021
35671843,8,M,2/6/2021
35671219,1,F,1/9/2021
35671187,1,M,1/20/2021
35671116,9,M,3/15/2021
35671821,3,F,3/6/2021
35671145,1,M,3/1/2021
35672743,1,F,1/19/2021
35673069,3,M,3/16/2021
35672575,1,M,3/6/2021
35671966,5,F,3/9/2021
35672926,5,F,3/4/2021
35672768,5,M,1/19/2021
35672720,2,F,1/24/2021
35671795,6,M,3/15/2021
35671765,5,M,3/15/2021
35673083,6,M,3/7/2021
35671806,5,F,1/31/2021
35671577,5,M,3/3/2021
35672759,3,M,1/12/2021
35673005,6,M,3/9/2021
35671272,1,F,2/7/2021
35672179,4,F,2/24/2021
35672021,3,M,3/14/2021
35672653,1,F,3/14/2021
35672145,8,F,3/10/2021
35671416,1,M,2/3/2021
35672276,2,F,3/9/2021
35671082,5,M,2/8/2021
35672300,9,F,3/3/2021
35672544,1,M,3/20/2021
35672390,7,F,2/24/2021
35671355,1,F,3/3/2021
35672522,3,F,1/1/2021
35673108,9,M,2/24/2021
35671074,7,F,3/28/2021
35671894,7,M,3/9/2021
35671428,2,F,3/24/2021
35671877,4,F,3/3/2021
35671299,5,M,3/7/2021
35670925,9,M,1/2/2021
35672394,5,M,1/6/2021
35672412,6,M,3/1/2021
35672792,9,M,3/3/2021
35672146,9,M,2/4/2021
35672945,1,M,1/5/2021
35670965,8,M,1/19/2021
35671626,9,F,3/10/2021
35672240,1,M,1/13/2021
35672220,2,M,3/2/2021
35671868,2,F,2/25/2021
35672027,1,M,1/5/2021
35672446,2,F,3/3/2021
35672614,3,F,1/11/2021
35671919,1,M,2/2/2021
35672156,3,F,3/10/2021
35671978,2,F,1/1/2021
35672898,7,F,3/10/2021
35673035,3,M,2/26/2021
35672435,4,F,3/13/2021
35673016,3,M,3/8/2021
35672167,1,F,1/15/2021
35672988,2,F,3/9/2021
35671348,6,F,1/11/2021
35671394,1,M,1/28/2021
35672883,4,F,3/18/2021
35672377,1,F,3/11/2021
35670949,5,M,1/15/2021
35672481,2,M,3/24/2021
35671085,4,M,1/18/2021
35671642,6,F,3/10/2021
35672057,9,M,2/17/2021
35671208,8,F,3/21/2021
35671722,1,M,2/19/2021
35671658,2,F,1/30/2021
35671169,1,M,2/25/2021
35672129,1,M,1/22/2021
35672755,1,M,3/15/2021
35672078,2,F,3/1/2021
35672314,1,F,3/7/2021
35671681,9,F,3/23/2021
35671708,1,M,3/17/2021
35672856,8,M,1/29/2021
35672452,1,M,1/2/2021
35671141,3,M,3/25/2021
35672425,1,F,3/3/2021
35672704,6,M,3/28/2021
35672757,9,M,1/22/2021
35672541,2,M,2/27/2021
35672692,3,F,3/8/2021
35670984,9,F,1/28/2021
35671194,1,M,3/4/2021
35672461,1,F,3/2/2021
35672504,2,F,2/16/2021
35672876,1,F,3/3/2021
35671034,1,F,3/13/2021
35672325,1,F,2/4/2021
35672391,4,F,1/18/2021
35671341,6,M,2/28/2021
35672649,5,F,3/8/2021
35672620,8,M,3/6/2021
35671297,2,M,2/13/2021
35671494,1,F,3/16/2021
35671558,4,M,3/8/2021
35671760,1,M,2/20/2021
35672289,3,F,3/4/2021
35673058,8,F,1/9/2021
35672966,2,M,1/13/2021
35671237,4,F,3/18/2021
35673085,4,M,1/14/2021
35672538,9,M,3/5/2021
35672283,7,M,3/15/2021
35670919,1,M,3/9/2021
35671947,5,F,1/26/2021
35672493,1,M,3/15/2021
35671442,3,M,1/10/2021
35671738,2,M,1/5/2021
35670992,1,M,3/22/2021
35671290,1,F,3/6/2021
35672851,5,F,2/22/2021
35671441,4,M,1/4/2021
35671059,3,M,3/7/2021
35671968,2,F,1/7/2021
35671500,7,F,1/13/2021
35671910,2,M,1/21/2021
35672087,5,F,3/4/2021
35671158,2,M,2/13/2021
35672160,3,F,1/20/2021
35672249,2,F,3/28/2021
35672809,2,M,3/9/2021
35671937,3,M,3/3/2021
35672838,8,F,2/19/2021
35671888,3,M,2/6/2021
35672142,4,F,3/8/2021
35672873,9,F,3/16/2021
35672820,1,F,3/13/2021
35673103,2,M,2/14/2021
35671924,1,M,2/22/2021
35672149,3,F,2/16/2021
35671222,3,M,3/2/2021
35672723,2,F,3/2/2021
35671205,4,F,3/4/2021
35672168,8,F,1/13/2021
35672688,1,M,3/11/2021
35672024,1,F,1/26/2021
35671373,2,F,2/20/2021
35671498,3,F,1/12/2021
35671325,1,M,3/1/2021
35672098,2,M,3/8/2021
35671146,3,M,2/25/2021
35672330,1,F,1/7/2021
35672860,1,M,2/17/2021
35671612,8,F,3/12/2021
35671048,1,M,1/16/2021
35670976,1,M,2/16/2021
35672874,1,F,2/16/2021
35671682,1,F,2/28/2021
35673153,1,M,2/24/2021
35671284,1,M,1/26/2021
35671757,9,M,2/15/2021
35672933,1,M,3/14/2021
35672618,3,M,1/17/2021
35673104,1,M,2/22/2021
35671179,6,F,2/24/2021
35671193,7,F,2/11/2021
35670985,9,M,3/5/2021
35672037,8,F,2/11/2021
35672290,6,F,1/23/2021
35672237,2,M,1/2/2021
35671644,7,F,2/25/2021
35672365,2,F,2/21/2021
35671190,2,M,3/20/2021
35672951,1,F,3/18/2021
35672815,2,M,1/10/2021
35672822,8,M,3/12/2021
35672199,2,F,3/21/2021
35672052,1,F,3/12/2021
35671866,8,M,2/13/2021
35671693,2,M,3/16/2021
35672255,2,M,1/31/2021
35672119,5,M,2/25/2021
35671358,2,F,1/31/2021
35671383,6,M,1/7/2021
35670901,9,F,1/30/2021
35672937,4,F,3/5/2021
35671705,7,M,2/8/2021
35672950,2,M,2/10/2021
35672153,1,M,2/17/2021
35672745,5,F,2/16/2021
35672268,1,M,3/3/2021
35672079,4,F,1/25/2021
35672675,6,F,3/6/2021
35671078,1,M,3/1/2021
35672298,9,F,2/1/2021
35672429,4,M,1/10/2021
35671594,2,M,3/18/2021
35671407,5,M,2/8/2021
35672407,8,F,2/21/2021
35672515,6,F,1/10/2021
35671610,8,M,3/11/2021
35672095,3,M,3/7/2021
35672128,1,M,2/9/2021
35672500,1,M,3/12/2021
35672754,9,F,3/28/2021
35672376,3,M,2/1/2021
35672288,9,F,1/7/2021
35671287,2,F,2/26/2021
35673053,3,M,2/16/2021
35671472,2,M,3/7/2021
35671775,1,F,1/22/2021
35671675,3,F,1/31/2021
35672795,1,M,1/14/2021
35671296,1,M,1/24/2021
35672825,1,F,3/12/2021
35672689,1,F,3/8/2021
35672584,6,M,3/14/2021
35672900,2,F,1/28/2021
35671698,4,F,1/6/2021
35672109,1,M,3/14/2021
35670902,1,M,1/13/2021
35673101,2,F,2/19/2021
35671133,1,M,1/25/2021
35671274,3,M,1/25/2021
35672278,3,M,3/18/2021
35671994,9,F,3/25/2021
35672519,8,F,3/2/2021
35671397,5,F,1/6/2021
35672342,9,M,2/18/2021
35673003,5,F,1/29/2021
35671605,1,F,3/8/2021
35671720,4,F,3/10/2021
35672029,3,M,3/5/2021
35671922,6,M,2/14/2021
35671192,3,M,1/16/2021
35672506,7,F,1/23/2021
35671762,8,M,2/20/2021
35672275,6,F,1/16/2021
35672870,2,F,1/6/2021
35672204,9,M,3/21/2021
35672916,1,F,2/14/2021
35673008,6,M,3/8/2021
35672621,4,M,3/15/2021
35672011,1,F,2/9/2021
35671625,4,M,3/13/2021
35672941,6,M,1/8/2021
35671581,4,F,2/11/2021
35672543,1,M,1/5/2021
35672491,1,F,3/2/2021
35671914,2,M,3/2/2021
35671507,1,M,2/10/2021
35673163,7,F,2/12/2021
35671952,5,F,2/14/2021
35670991,3,M,2/2/2021
35671616,2,M,2/14/2021
35672159,1,F,1/25/2021
35671954,7,F,2/9/2021
35672466,1,M,3/11/2021
35673124,8,M,1/5/2021
35672113,1,M,3/2/2021
35671816,5,M,3/10/2021
35671976,8,F,2/2/2021
35672302,8,F,3/23/2021
35672483,3,M,3/5/2021
35671787,1,M,3/9/2021
35671226,5,M,2/5/2021
35672662,3,F,3/14/2021
35672612,6,F,1/14/2021
35672379,1,M,2/6/2021
35673021,4,M,1/17/2021
35672339,5,M,3/6/2021
35671103,8,F,3/10/2021
35672629,1,F,3/23/2021
35671288,1,F,3/14/2021
35672413,2,M,2/3/2021
35671195,1,F,2/8/2021
35671265,1,F,1/17/2021
35671543,3,F,1/2/2021
35671447,2,F,3/25/2021
35671364,1,M,2/7/2021
35673036,5,M,1/14/2021
35672209,2,M,1/6/2021
35671266,7,M,3/5/2021
35671258,1,F,3/22/2021
35671764,1,M,3/14/2021
35673120,1,F,2/11/2021
35672551,8,M,3/12/2021
35671183,2,F,3/28/2021
35672338,9,F,3/14/2021
35671844,1,M,3/18/2021
35672040,2,F,3/13/2021
35672782,4,M,2/26/2021
35673089,8,M,1/17/2021
35672066,4,M,3/10/2021
35673020,4,M,1/15/2021
35671072,4,M,1/8/2021
35672193,5,F,1/14/2021
35671603,1,F,3/14/2021
35671161,8,M,3/5/2021
35672039,1,F,1/2/2021
35671641,2,F,1/7/2021
35671621,4,F,3/3/2021
35672349,1,M,2/18/2021
35671809,3,M,3/26/2021
35671557,1,F,3/25/2021
35671278,5,M,1/24/2021
35671317,1,F,3/12/2021
35671598,4,M,1/19/2021
35672652,4,M,2/8/2021
35671508,9,M,3/3/2021
35672877,5,M,1/17/2021
35671530,3,M,3/14/2021
35672263,9,M,1/31/2021
35672194,3,F,1/5/2021
35673063,8,M,3/28/2021
35671250,4,M,1/26/2021
35672568,3,F,1/10/2021
35672607,6,F,3/16/2021
35671794,8,F,3/2/2021
35672763,3,M,3/6/2021
35672498,1,M,2/25/2021
35671049,6,F,1/3/2021
35672022,4,F,1/23/2021
35671426,2,M,1/16/2021
35672336,2,M,1/21/2021
35672154,2,M,2/7/2021
35672215,3,F,2/18/2021
35671885,8,F,2/9/2021
35671098,8,M,3/16/2021
35672460,4,F,3/22/2021
35672189,6,M,3/13/2021
35671437,3,M,1/3/2021
35672495,6,F,1/1/2021
35672069,1,M,2/3/2021
35671513,9,F,2/12/2021
35672445,1,M,2/26/2021
35672217,1,M,2/15/2021
35672043,8,F,1/31/2021
35671638,1,M,3/11/2021
35672853,1,M,3/9/2021
35672709,1,M,1/19/2021
35672282,6,F,3/15/2021
35671032,2,F,3/28/2021
35671232,2,F,1/18/2021
35672818,7,M,2/12/2021
35672810,1,M,3/11/2021
35672257,2,M,1/7/2021
35672562,9,M,1/17/2021
35672055,9,F,3/10/2021
35672563,6,F,3/30/2021
35672387,1,M,3/13/2021
35672940,6,F,1/16/2021
35672769,2,M,2/25/2021
35672004,1,M,1/2/2021
35671871,1,M,1/24/2021
35671633,5,M,3/9/2021
35672125,3,M,3/17/2021
35671182,1,M,3/8/2021
35671200,3,M,3/28/2021
35670973,4,M,1/27/2021
35672070,8,M,1/11/2021
35673111,5,F,2/25/2021
35672389,1,M,3/23/2021
35671001,8,M,3/14/2021
35671180,1,M,3/2/2021
35671957,1,M,3/17/2021
35672566,6,F,1/7/2021
35672605,2,M,3/29/2021
35671499,2,F,3/15/2021
35672673,6,F,1/6/2021
35672267,8,F,3/5/2021
35671369,7,F,3/4/2021
35671471,5,M,1/2/2021
35672975,1,F,3/8/2021
35672214,2,M,1/17/2021
35671737,4,M,2/13/2021
35671982,8,F,3/27/2021
35672424,1,M,3/13/2021
35672467,9,M,2/25/2021
35671464,9,F,2/12/2021
35671467,3,M,3/1/2021
35672030,1,F,2/7/2021
35672368,1,M,2/21/2021
35673048,2,M,1/3/2021
35673079,7,M,3/2/2021
35672307,7,F,1/4/2021
35670956,1,F,1/30/2021
35672177,3,M,3/9/2021
35672192,2,M,2/16/2021
35672035,1,F,3/9/2021
35671580,3,M,3/23/2021
35671056,1,M,3/10/2021
35671053,1,F,2/10/2021
35672703,1,F,3/6/2021
35672320,1,F,3/10/2021
35672567,1,F,1/8/2021
35673116,5,M,3/3/2021
35671977,5,F,1/31/2021
35671309,7,F,3/27/2021
35672641,1,M,2/5/2021
35671405,9,M,3/14/2021
35671614,2,M,3/7/2021
35672772,7,M,3/5/2021
35672582,2,F,1/20/2021
35671468,1,M,3/3/2021
35673131,3,M,3/12/2021
35671062,2,F,1/4/2021
35672676,2,F,3/9/2021
35672023,2,M,1/12/2021
35672270,4,F,3/1/2021
35672840,3,M,2/21/2021
35671257,1,F,3/10/2021
35671586,1,F,1/2/2021
35671024,1,F,3/6/2021
35672679,1,F,3/8/2021
35672645,7,M,3/5/2021
35671412,6,M,1/24/2021
35673029,8,M,1/4/2021
35672885,1,F,3/17/2021
35671400,6,F,2/11/2021
35671721,6,M,3/26/2021
35673119,9,F,2/14/2021
35671993,2,F,3/3/2021
35670971,2,F,3/27/2021
35673074,5,M,3/15/2021
35671823,3,M,3/30/2021
35672732,2,F,3/23/2021
35671510,1,F,3/11/2021
35671261,3,M,1/2/2021
35670998,6,F,3/14/2021
35671384,1,M,2/16/2021
35671042,2,M,1/31/2021
35672086,2,M,3/7/2021
35673070,4,F,3/11/2021
35672155,2,M,1/25/2021
35671514,7,F,1/14/2021
35670924,9,M,3/6/2021
35672740,4,M,1/16/2021
35671620,9,M,3/3/2021
35671005,3,M,3/3/2021
35671686,1,M,3/11/2021
35671247,1,F,2/13/2021
35671165,7,F,1/2/2021
35671532,1,M,2/9/2021
35671951,2,M,2/5/2021
35672683,5,M,1/8/2021
35672416,8,F,3/25/2021
35672611,2,M,2/10/2021
35672473,8,F,2/15/2021
35672842,7,F,3/7/2021
35671495,7,F,3/4/2021
35671635,2,M,2/9/2021
35672333,3,M,2/23/2021
35672733,3,M,3/3/2021
35672684,9,F,3/5/2021
35671948,2,M,3/12/2021
35671570,4,M,2/14/2021
35672003,9,M,1/30/2021
35671176,2,F,3/2/2021
35672738,7,M,3/7/2021
35672997,1,F,1/1/2021
35672911,1,M,3/27/2021
35672232,1,F,2/18/2021
35671121,8,M,3/3/2021
35671588,1,F,1/23/2021
35670895,9,F,1/10/2021
35671664,2,M,3/12/2021
35670905,5,M,3/12/2021
35671349,9,F,2/21/2021
35670983,1,M,2/26/2021
35671114,9,M,3/8/2021
35672578,1,F,3/30/2021
35672806,9,F,2/2/2021
35671927,3,F,1/22/2021
35671115,3,F,3/2/2021
35672702,1,F,1/22/2021
35671872,9,F,2/10/2021
35672710,5,M,1/24/2021
35671650,2,F,2/22/2021
35672386,3,M,2/26/2021
35672316,7,F,1/7/2021
35671117,4,M,3/5/2021
35671541,1,F,1/7/2021
35673161,4,M,3/29/2021
35671214,8,F,2/7/2021
35671961,1,F,1/13/2021
35673040,1,F,3/23/2021
35672628,3,F,2/3/2021
35672148,5,M,3/10/2021
35673133,8,M,1/23/2021
35670993,1,F,3/8/2021
35671365,2,F,3/27/2021
35671030,1,M,2/6/2021
35671132,4,M,3/8/2021
35672420,1,M,3/6/2021
35671067,2,F,2/24/2021
35672986,8,F,3/23/2021
35671623,2,M,3/13/2021
35672343,8,M,2/28/2021
35672823,3,F,3/13/2021
35670914,2,M,2/15/2021
35671718,1,F,3/1/2021
35672443,9,M,3/21/2021
35673148,2,M,1/16/2021
35672995,8,M,1/24/2021
35672340,9,F,1/15/2021
35672001,9,M,1/4/2021
35671702,2,M,1/20/2021
35671123,7,M,1/27/2021
35672931,3,M,1/19/2021
35672776,6,M,3/15/2021
35673090,1,M,3/9/2021
35671399,2,M,3/15/2021
35671905,1,M,1/27/2021
35671282,8,F,1/3/2021
35671561,2,M,3/1/2021
35671336,3,F,1/5/2021
35671503,1,F,3/11/2021
35672414,1,F,2/25/2021
35672158,1,M,1/4/2021
35672963,3,F,3/1/2021
35672348,2,F,1/3/2021
35671728,5,M,1/9/2021
35673142,1,M,1/23/2021
35673022,4,M,1/7/2021
35671153,8,F,3/12/2021
35670935,3,M,3/7/2021
35672994,5,M,3/3/2021
35672144,8,M,3/6/2021
35672864,7,F,2/20/2021
35672767,5,M,3/8/2021
35671771,1,M,3/10/2021
35672949,2,F,2/18/2021
35672293,2,M,3/13/2021
35672765,7,F,3/10/2021
35672016,9,F,1/26/2021
35671465,2,M,1/8/2021
35672835,9,M,3/1/2021
35671850,6,M,2/4/2021
35672295,1,M,1/8/2021
35672202,8,M,3/7/2021
35671902,9,M,1/4/2021
35671723,5,M,1/24/2021
35672081,9,F,1/7/2021
35672730,1,M,3/9/2021
35672019,2,F,3/27/2021
35672762,4,F,1/23/2021
35670920,1,M,3/12/2021
35672422,1,M,2/13/2021
35673096,1,M,3/1/2021
35672904,9,M,2/23/2021
35672631,2,F,1/19/2021
35671552,1,M,3/4/2021
35672184,5,M,3/16/2021
35672174,4,F,1/28/2021
35671025,5,F,2/15/2021
35672603,3,F,3/13/2021
35671550,6,M,1/28/2021
35672286,1,F,1/16/2021
35671491,7,F,1/11/2021
35672596,2,M,2/4/2021
35671528,8,F,3/14/2021
35672992,1,M,3/14/2021
35672819,3,M,3/8/2021
35673121,2,M,3/15/2021
35671549,1,M,3/22/2021
35670979,4,M,1/13/2021
35672239,3,F,2/21/2021
35672139,5,M,3/12/2021
35672587,7,M,3/5/2021
35671835,6,F,3/7/2021
35672964,7,M,3/1/2021
35671055,3,F,3/25/2021
35671655,5,F,2/19/2021
35671130,1,M,3/2/2021
35672545,5,F,3/13/2021
35671921,2,M,2/9/2021
35671178,2,M,3/5/2021
35670952,2,M,1/8/2021
35672878,3,F,1/7/2021
35671496,1,F,3/20/2021
35671501,2,F,1/19/2021
35673064,4,F,3/7/2021
35672863,6,M,2/18/2021
35671538,5,M,1/5/2021
35670974,1,F,1/31/2021
35672821,9,M,2/24/2021
35673106,2,F,1/25/2021
35671488,2,F,3/11/2021
35671611,1,F,1/21/2021
35672979,4,M,3/14/2021
35671758,8,M,3/6/2021
35673055,2,F,1/24/2021
35672436,2,M,3/3/2021
35671419,3,M,2/21/2021
35671956,3,M,3/2/2021
35673075,7,M,1/25/2021
35672987,1,F,3/6/2021
35672674,2,M,2/17/2021
35671667,6,M,1/31/2021
35671306,9,M,1/10/2021
35672053,5,M,3/20/2021
35672669,3,M,1/30/2021
35671879,6,M,3/10/2021
35673150,8,M,2/16/2021
35673010,1,M,3/10/2021
35671162,6,M,1/26/2021
35673006,1,F,2/11/2021
35672489,3,M,1/24/2021
35672409,3,F,1/1/2021
35670897,1,M,3/13/2021
35671267,3,F,1/20/2021
35672353,1,M,3/24/2021
35671411,3,M,1/14/2021
35672380,1,M,2/27/2021
35671517,1,M,3/14/2021
35672287,6,F,2/5/2021
35672660,1,F,2/8/2021
35671724,1,F,3/15/2021
35671079,2,F,1/24/2021
35673049,5,M,2/17/2021
35672804,1,M,3/9/2021
35672329,6,F,3/8/2021
35671406,2,M,3/11/2021
35670987,5,M,2/14/2021
35672671,6,M,1/21/2021
35672304,2,M,3/7/2021
35672344,3,M,2/12/2021
35672593,1,F,3/26/2021
35672458,1,F,3/11/2021
35671174,2,F,2/26/2021
35671370,5,M,3/7/2021
35672534,8,M,3/3/2021
35672777,2,M,1/22/2021
35672748,1,F,3/12/2021
35671715,2,F,3/11/2021
35671606,9,M,3/24/2021
35671783,4,F,3/8/2021
35671678,7,M,2/4/2021
35671711,7,F,2/1/2021
35672002,5,M,3/8/2021
35672640,4,F,1/5/2021
35671837,6,M,3/13/2021
35671385,2,F,3/5/2021
35673128,5,F,3/2/2021
35671696,8,M,2/25/2021
35672946,3,F,1/12/2021
35672092,8,F,2/24/2021
35671184,1,M,3/15/2021
35672206,5,M,2/25/2021
35671199,2,M,2/21/2021
35671452,3,F,2/11/2021
35672393,3,M,3/11/2021
35672036,6,F,1/26/2021
35671151,3,F,1/3/2021
35670893,1,M,3/8/2021
35670937,7,M,2/9/2021
35672100,1,F,1/10/2021
35671975,3,M,3/3/2021
35672388,1,F,3/14/2021
